kerjasama_id,jenis,mitra,kategori_mitra,lingkup,prodi_id,tanggal_mulai,tanggal_berakhir,status,tahun,ingested_at
KJS950e2e7d,MoU,World Bank Jakarta,PT_LN,Semua,,2019-07-12,2024-07-10,Tidak Aktif,2019,2026-05-17T15:02:44+07:00
KJSd0c6f3ae,MoU,Huawei Indonesia,Industri,PkM,TS,2019-02-28,2021-02-27,Tidak Aktif,2019,2026-05-17T15:02:44+07:00
KJS252e2324,MoU,Bank Indonesia,PT_LN,Pendidikan,FT,2019-02-28,2024-02-27,Tidak Aktif,2019,2026-05-17T15:02:44+07:00
KJS522912af,PKS,Kyushu University,PT_LN,Pendidikan,KIM,2019-02-10,2022-02-09,Tidak Aktif,2019,2026-05-17T15:02:44+07:00
KJSad3b4776,PKS,Chulalongkorn University,PT_DN,PkM,TG,2019-07-14,2024-07-12,Tidak Aktif,2019,2026-05-17T15:02:44+07:00
KJS4d2cd4e1,PKS,BPS Lampung,Pemerintah,Penelitian,SK,2022-04-12,2024-04-11,Tidak Aktif,2022,2026-05-17T15:02:44+07:00
KJS3011e7e4,PKS,Kyushu University,Industri,PkM,KIM,2023-05-14,2026-05-13,Tidak Aktif,2023,2026-05-17T15:02:44+07:00
KJSd9a492df,MoU,Bank Indonesia,PT_DN,MBKM,TM,2024-11-06,2027-11-06,Aktif,2024,2026-05-17T15:02:44+07:00
KJScc8360a1,PKS,Telkom University,Litbang,Semua,TS,2024-06-23,2026-06-23,Aktif,2024,2026-05-17T15:02:44+07:00
KJS6a80154c,MoU,Unsri,Industri,Pendidikan,KIM,2022-10-01,2023-10-01,Tidak Aktif,2022,2026-05-17T15:02:44+07:00
KJS7ed1d0d1,PKS,PT Bukit Asam,Litbang,Pendidikan,FT,2023-01-15,2025-01-14,Tidak Aktif,2023,2026-05-17T15:02:44+07:00
KJS5e43fe02,MoU,Politeknik Negeri Lampung,Industri,Pendidikan,FIS,2020-08-16,2021-08-16,Tidak Aktif,2020,2026-05-17T15:02:44+07:00
KJS71008577,PKS,Unsri,PT_LN,Semua,TM,2022-12-19,2025-12-18,Tidak Aktif,2022,2026-05-17T15:02:44+07:00
KJSb4568e04,MoU,Politeknik Negeri Lampung,PT_LN,Penelitian,TP,2022-07-08,2023-07-08,Tidak Aktif,2022,2026-05-17T15:02:44+07:00
KJS153d10dc,PKS,ITB,PT_LN,PkM,,2019-08-06,2022-08-05,Tidak Aktif,2019,2026-05-17T15:02:44+07:00
KJS36b2c4ae,PKS,IPB University,PT_LN,Pendidikan,TP,2023-07-26,2026-07-25,Aktif,2023,2026-05-17T15:02:44+07:00
KJS01e9ab43,PKS,Chulalongkorn University,Pemerintah,Pendidikan,TLK,2024-07-08,2025-07-08,Tidak Aktif,2024,2026-05-17T15:02:44+07:00
KJSd68ce298,PKS,Chulalongkorn University,Pemerintah,Penelitian,TE,2025-03-15,2026-03-15,Tidak Aktif,2025,2026-05-17T15:02:44+07:00
KJS940f68e5,MoU,Telkom University,Industri,Penelitian,FT,2020-07-25,2021-07-25,Tidak Aktif,2020,2026-05-17T15:02:44+07:00
KJS70ab7798,MoU,Chulalongkorn University,PT_DN,Semua,MB,2023-07-15,2028-07-13,Aktif,2023,2026-05-17T15:02:44+07:00
KJScf2a8aa5,MoU,Politeknik Negeri Lampung,Pemerintah,MBKM,,2024-09-06,2025-09-06,Tidak Aktif,2024,2026-05-17T15:02:44+07:00
KJSef34ac63,PKS,Google Indonesia,PT_DN,Semua,AG,2021-07-16,2022-07-16,Tidak Aktif,2021,2026-05-17T15:02:44+07:00
KJS6769399f,MoU,UGM,Industri,Semua,MB,2024-12-15,2027-12-15,Aktif,2024,2026-05-17T15:02:44+07:00
KJSd2cc8de9,PKS,World Bank Jakarta,PT_LN,Penelitian,TK,2020-04-10,2021-04-10,Tidak Aktif,2020,2026-05-17T15:02:44+07:00
KJS45176b7c,PKS,Toyota Motor Manufacturing,Litbang,Pendidikan,TE,2022-10-31,2024-10-30,Tidak Aktif,2022,2026-05-17T15:02:44+07:00
KJSdb949977,PKS,Telkom University,PT_LN,PkM,TL,2020-08-10,2022-08-10,Tidak Aktif,2020,2026-05-17T15:02:44+07:00
KJSdfdb0423,MoU,ITB,Pemerintah,MBKM,MTK,2024-09-26,2025-09-26,Tidak Aktif,2024,2026-05-17T15:02:44+07:00
KJSa6081297,MoU,BMKG,Pemerintah,PkM,TI,2023-06-25,2026-06-24,Aktif,2023,2026-05-17T15:02:44+07:00
KJS57736da1,PKS,PT Pertamina,Pemerintah,Semua,SK,2019-04-29,2020-04-28,Tidak Aktif,2019,2026-05-17T15:02:44+07:00
KJS1c9d8455,MoU,TU Delft,Industri,Semua,TM,2024-05-14,2026-05-14,Tidak Aktif,2024,2026-05-17T15:02:44+07:00
KJS092aea4d,PKS,UNDP Indonesia,Industri,Penelitian,TM,2023-09-23,2028-09-21,Aktif,2023,2026-05-17T15:02:44+07:00
KJS940ed15b,MoU,Politeknik Negeri Lampung,Litbang,Pendidikan,TP,2019-05-10,2021-05-09,Tidak Aktif,2019,2026-05-17T15:02:44+07:00
KJSe7942e54,PKS,Kyushu University,PT_DN,PkM,TG,2019-08-27,2021-08-26,Tidak Aktif,2019,2026-05-17T15:02:44+07:00
KJS34a61804,MoU,Kyushu University,PT_DN,Penelitian,,2025-06-10,2030-06-09,Aktif,2025,2026-05-17T15:02:44+07:00
KJS1526fbb3,PKS,JICA Indonesia,PT_LN,Pendidikan,GL,2023-11-12,2024-11-11,Tidak Aktif,2023,2026-05-17T15:02:44+07:00
KJS06b15c1a,MoU,World Bank Jakarta,Industri,MBKM,TE,2019-05-16,2022-05-15,Tidak Aktif,2019,2026-05-17T15:02:44+07:00
KJS1ebfb41b,PKS,Bank Indonesia,Industri,Penelitian,PWK,2025-01-21,2026-01-21,Tidak Aktif,2025,2026-05-17T15:02:44+07:00
KJS75bfa9f3,PKS,IPB University,Industri,Semua,TS,2024-11-09,2025-11-09,Tidak Aktif,2024,2026-05-17T15:02:44+07:00
KJSbe78b13e,PKS,Universiti Malaya,Litbang,MBKM,TG,2025-03-22,2028-03-21,Aktif,2025,2026-05-17T15:02:44+07:00
KJSd1286b9a,MoU,ITB,Litbang,Semua,GD,2019-01-06,2021-01-05,Tidak Aktif,2019,2026-05-17T15:02:44+07:00
KJSd5f37524,MoU,JICA Indonesia,Pemerintah,Penelitian,TLK,2019-04-12,2021-04-11,Tidak Aktif,2019,2026-05-17T15:02:44+07:00
KJS5e580994,MoU,Bank Indonesia,Litbang,Semua,TL,2021-04-12,2023-04-12,Tidak Aktif,2021,2026-05-17T15:02:44+07:00
KJS5e65ed2d,PKS,Unila,PT_DN,Penelitian,IF,2024-02-03,2026-02-02,Tidak Aktif,2024,2026-05-17T15:02:44+07:00
KJSb8a16bd9,PKS,ITS,Pemerintah,MBKM,TP,2019-02-08,2020-02-08,Tidak Aktif,2019,2026-05-17T15:02:44+07:00
KJS93115a6c,MoU,TU Delft,PT_DN,PkM,TG,2023-06-30,2026-06-29,Aktif,2023,2026-05-17T15:02:44+07:00
KJS3382690f,PKS,Universiti Malaya,PT_DN,Penelitian,TK,2023-06-11,2028-06-09,Aktif,2023,2026-05-17T15:02:44+07:00
KJS704f9761,PKS,Telkom University,Litbang,PkM,MTK,2025-07-17,2030-07-16,Aktif,2025,2026-05-17T15:02:44+07:00
KJS144e0763,MoU,Universiti Malaya,Pemerintah,Penelitian,AG,2019-06-29,2020-06-28,Tidak Aktif,2019,2026-05-17T15:02:44+07:00
KJS9f19ed8c,PKS,Kyushu University,PT_LN,MBKM,TL,2019-06-12,2024-06-10,Tidak Aktif,2019,2026-05-17T15:02:44+07:00
KJS0aeb8827,PKS,Bank Indonesia,PT_LN,Semua,FT,2023-06-25,2025-06-24,Tidak Aktif,2023,2026-05-17T15:02:44+07:00
KJS9bc62d6a,PKS,LIPI,Industri,Penelitian,IF,2025-10-23,2030-10-22,Aktif,2025,2026-05-17T15:02:44+07:00
KJS200bea75,MoU,IPB University,Litbang,Penelitian,TM,2020-02-10,2023-02-09,Tidak Aktif,2020,2026-05-17T15:02:44+07:00
KJS95865ea4,PKS,Huawei Indonesia,Industri,Semua,SI,2019-12-14,2024-12-12,Tidak Aktif,2019,2026-05-17T15:02:44+07:00
KJS4fbc56cd,MoU,PT Pertamina,PT_DN,Pendidikan,IF,2024-01-09,2029-01-07,Aktif,2024,2026-05-17T15:02:44+07:00
KJS25e2bef6,MoU,Universitas Lampung,Pemerintah,Pendidikan,TE,2025-10-28,2026-10-28,Aktif,2025,2026-05-17T15:02:44+07:00
KJS6e37b3f8,PKS,PT Bukit Asam,Litbang,MBKM,TM,2025-07-09,2030-07-08,Aktif,2025,2026-05-17T15:02:44+07:00
KJS17eddbd0,MoU,PT Astra International,Industri,Pendidikan,AR,2019-09-03,2022-09-02,Tidak Aktif,2019,2026-05-17T15:02:44+07:00
KJS556780ca,PKS,Universitas Indonesia,Litbang,Penelitian,TS,2020-03-21,2022-03-21,Tidak Aktif,2020,2026-05-17T15:02:44+07:00
KJSc174a96c,MoU,PT Pertamina,Industri,Semua,BIO,2022-08-20,2023-08-20,Tidak Aktif,2022,2026-05-17T15:02:44+07:00
KJS72653778,PKS,ITS,Litbang,Pendidikan,TL,2023-04-10,2024-04-09,Tidak Aktif,2023,2026-05-17T15:02:44+07:00
KJS7ff264cf,PKS,Huawei Indonesia,PT_DN,Penelitian,MTK,2019-11-07,2024-11-05,Tidak Aktif,2019,2026-05-17T15:02:44+07:00
KJSf7cf150d,MoU,BMKG,Industri,MBKM,TE,2020-12-22,2021-12-22,Tidak Aktif,2020,2026-05-17T15:02:44+07:00
KJSb33b9a96,MoU,World Bank Jakarta,Pemerintah,Pendidikan,TI,2024-06-25,2027-06-25,Aktif,2024,2026-05-17T15:02:44+07:00
KJSe5332101,PKS,PT Telkom Indonesia,Pemerintah,PkM,SK,2024-06-21,2029-06-20,Aktif,2024,2026-05-17T15:02:44+07:00
KJS05b74a30,PKS,Universiti Malaya,Litbang,Penelitian,IF,2024-08-07,2025-08-07,Tidak Aktif,2024,2026-05-17T15:02:44+07:00
KJS1cfabf1a,PKS,Unila,Pemerintah,Semua,SK,2023-12-09,2024-12-08,Tidak Aktif,2023,2026-05-17T15:02:44+07:00
KJSef3a026b,PKS,Universitas Lampung,Pemerintah,Penelitian,,2023-12-20,2026-12-19,Aktif,2023,2026-05-17T15:02:44+07:00
KJS333a6dad,MoU,ITS,PT_LN,Pendidikan,TI,2021-09-21,2022-09-21,Tidak Aktif,2021,2026-05-17T15:02:44+07:00
KJS58775e05,PKS,Osaka University,Industri,Pendidikan,AR,2020-09-29,2021-09-29,Tidak Aktif,2020,2026-05-17T15:02:44+07:00
KJS3f288d32,MoU,PT Pertamina,PT_LN,Semua,BIO,2023-01-06,2026-01-05,Tidak Aktif,2023,2026-05-17T15:02:44+07:00
KJSd0cb970e,PKS,Politeknik Negeri Lampung,PT_DN,MBKM,GD,2021-01-21,2024-01-21,Tidak Aktif,2021,2026-05-17T15:02:44+07:00
KJS27733b8d,MoU,PT Astra International,Pemerintah,Semua,TL,2025-12-16,2026-12-16,Aktif,2025,2026-05-17T15:02:44+07:00
KJS04bf5cdb,PKS,Google Indonesia,Industri,Semua,IF,2019-01-27,2024-01-26,Tidak Aktif,2019,2026-05-17T15:02:44+07:00
KJSf642e3dc,PKS,BRIN,Litbang,PkM,TI,2022-10-12,2023-10-12,Tidak Aktif,2022,2026-05-17T15:02:44+07:00
KJSe5732df7,PKS,PT Telkom Indonesia,PT_LN,Semua,TP,2024-10-31,2025-10-31,Tidak Aktif,2024,2026-05-17T15:02:44+07:00
KJSbc940f49,MoU,Huawei Indonesia,Litbang,PkM,BIO,2024-12-19,2027-12-19,Aktif,2024,2026-05-17T15:02:44+07:00
KJSae36b5c2,MoU,Huawei Indonesia,Industri,MBKM,TI,2021-06-18,2024-06-17,Tidak Aktif,2021,2026-05-17T15:02:44+07:00
KJS43fb67e7,MoU,Google Indonesia,Industri,Penelitian,TK,2021-10-24,2026-10-23,Aktif,2021,2026-05-17T15:02:44+07:00
KJSed6a1dd9,MoU,BRIN,Pemerintah,Semua,SK,2025-09-07,2030-09-06,Aktif,2025,2026-05-17T15:02:44+07:00
KJSb63d247b,PKS,Universitas Lampung,Industri,MBKM,SK,2022-03-18,2027-03-17,Aktif,2022,2026-05-17T15:02:44+07:00
KJSf9ff0e07,MoU,Google Indonesia,Industri,Penelitian,,2025-08-10,2028-08-09,Aktif,2025,2026-05-17T15:02:44+07:00
KJS3188981b,MoU,BMKG,PT_DN,Pendidikan,TK,2020-05-12,2023-05-12,Tidak Aktif,2020,2026-05-17T15:02:44+07:00
KJS1c7353df,PKS,PT Telkom Indonesia,Pemerintah,Pendidikan,GD,2025-04-30,2026-04-30,Tidak Aktif,2025,2026-05-17T15:02:44+07:00
KJS0aff2541,MoU,BPS Lampung,PT_DN,Semua,AR,2024-01-05,2027-01-04,Aktif,2024,2026-05-17T15:02:44+07:00
KJSba5b83b8,PKS,ITS,PT_DN,Pendidikan,KIM,2020-10-03,2023-10-03,Tidak Aktif,2020,2026-05-17T15:02:44+07:00
KJS8872ed04,PKS,Kyushu University,PT_DN,Semua,,2023-03-01,2025-02-28,Tidak Aktif,2023,2026-05-17T15:02:44+07:00
KJSd9a85c0b,MoU,BMKG,PT_LN,PkM,TLK,2021-03-19,2024-03-18,Tidak Aktif,2021,2026-05-17T15:02:44+07:00
KJSbb794593,MoU,LIPI,PT_DN,Penelitian,MB,2024-03-06,2025-03-06,Tidak Aktif,2024,2026-05-17T15:02:44+07:00
KJS269aa3d7,PKS,Telkom University,Pemerintah,PkM,,2021-07-06,2023-07-06,Tidak Aktif,2021,2026-05-17T15:02:44+07:00
KJS59b29ff9,PKS,Osaka University,Litbang,PkM,TS,2022-10-30,2023-10-30,Tidak Aktif,2022,2026-05-17T15:02:44+07:00
KJSa72e3aab,PKS,PT Telkom Indonesia,PT_LN,Semua,FIS,2021-01-06,2024-01-06,Tidak Aktif,2021,2026-05-17T15:02:44+07:00
KJScf921170,MoU,Huawei Indonesia,Pemerintah,Semua,FIS,2025-05-08,2028-05-07,Aktif,2025,2026-05-17T15:02:44+07:00
KJSe41724b8,PKS,Universitas Lampung,Litbang,Semua,SI,2020-01-11,2022-01-10,Tidak Aktif,2020,2026-05-17T15:02:44+07:00
KJSe0dac400,PKS,Universiti Malaya,PT_DN,Semua,IF,2025-11-28,2030-11-27,Aktif,2025,2026-05-17T15:02:44+07:00
KJSd3ceb99e,MoU,LIPI,Litbang,Semua,BIO,2025-10-07,2027-10-07,Aktif,2025,2026-05-17T15:02:44+07:00
KJS01ef7289,MoU,NUS Singapore,Industri,Penelitian,TG,2024-11-16,2025-11-16,Tidak Aktif,2024,2026-05-17T15:02:44+07:00
KJSf900a6b5,MoU,PT Astra International,Pemerintah,Pendidikan,GD,2025-02-18,2030-02-17,Aktif,2025,2026-05-17T15:02:44+07:00
KJSa5bfcebe,PKS,Kyushu University,PT_DN,Penelitian,FT,2024-04-19,2026-04-19,Tidak Aktif,2024,2026-05-17T15:02:44+07:00
KJS8fd971ec,PKS,Osaka University,PT_DN,MBKM,FT,2023-12-08,2024-12-07,Tidak Aktif,2023,2026-05-17T15:02:44+07:00
KJS5b4686e4,MoU,UNDP Indonesia,Industri,Pendidikan,AG,2020-08-24,2023-08-24,Tidak Aktif,2020,2026-05-17T15:02:44+07:00
KJSdc4b1d7f,PKS,Universiti Malaya,PT_DN,PkM,BIO,2024-02-28,2025-02-27,Tidak Aktif,2024,2026-05-17T15:02:44+07:00
KJSd88c2d4e,MoU,Unsri,Litbang,Pendidikan,PWK,2023-11-05,2028-11-03,Aktif,2023,2026-05-17T15:02:44+07:00
KJSef8b6b48,MoU,PT Pertamina,Litbang,PkM,FIS,2019-06-05,2021-06-04,Tidak Aktif,2019,2026-05-17T15:02:44+07:00
KJSd3e0f898,PKS,PT Bukit Asam,Litbang,MBKM,BIO,2021-05-16,2026-05-15,Tidak Aktif,2021,2026-05-17T15:02:44+07:00
KJSa2628bde,PKS,LIPI,Pemerintah,Pendidikan,TM,2020-02-20,2021-02-19,Tidak Aktif,2020,2026-05-17T15:02:44+07:00
KJS97ca9f9c,PKS,ITB,Industri,Pendidikan,TM,2025-07-12,2027-07-12,Aktif,2025,2026-05-17T15:02:44+07:00
KJS93d2eac7,PKS,BPS Lampung,Pemerintah,MBKM,AR,2024-06-25,2026-06-25,Aktif,2024,2026-05-17T15:02:44+07:00
KJSd7d358f5,MoU,Chulalongkorn University,Pemerintah,MBKM,FIS,2024-03-24,2027-03-24,Aktif,2024,2026-05-17T15:02:44+07:00
KJSe263ec17,PKS,BRIN,Pemerintah,Pendidikan,TE,2019-06-14,2020-06-13,Tidak Aktif,2019,2026-05-17T15:02:44+07:00
KJSbb379d59,MoU,Universitas Lampung,PT_LN,Semua,TK,2019-12-12,2022-12-11,Tidak Aktif,2019,2026-05-17T15:02:44+07:00
KJS5281b8f9,MoU,TU Delft,PT_LN,MBKM,SI,2021-06-16,2026-06-15,Aktif,2021,2026-05-17T15:02:44+07:00
KJS1a401972,MoU,World Bank Jakarta,Litbang,Semua,TL,2020-08-02,2022-08-02,Tidak Aktif,2020,2026-05-17T15:02:44+07:00
KJS7b4af394,MoU,LIPI,PT_LN,PkM,BIO,2019-06-19,2020-06-18,Tidak Aktif,2019,2026-05-17T15:02:44+07:00
KJS9086a995,PKS,World Bank Jakarta,PT_DN,Semua,BIO,2020-06-23,2023-06-23,Tidak Aktif,2020,2026-05-17T15:02:44+07:00
KJS3beaecc3,PKS,PT Telkom Indonesia,PT_DN,PkM,TI,2019-01-26,2020-01-26,Tidak Aktif,2019,2026-05-17T15:02:44+07:00
KJS854a7207,MoU,World Bank Jakarta,Litbang,Pendidikan,TS,2024-03-02,2025-03-02,Tidak Aktif,2024,2026-05-17T15:02:44+07:00
KJS39444f4a,MoU,Politeknik Negeri Lampung,Industri,Pendidikan,TI,2024-09-09,2029-09-08,Aktif,2024,2026-05-17T15:02:44+07:00
KJSe627750b,MoU,Unsri,PT_DN,Semua,SK,2020-12-18,2021-12-18,Tidak Aktif,2020,2026-05-17T15:02:44+07:00
KJSd9f77fcd,PKS,ITS,Industri,Semua,IF,2023-04-09,2024-04-08,Tidak Aktif,2023,2026-05-17T15:02:44+07:00
KJS83c04789,PKS,UGM,Industri,MBKM,MB,2024-06-06,2026-06-06,Aktif,2024,2026-05-17T15:02:44+07:00
KJSa7641d6a,PKS,Telkom University,PT_DN,PkM,AR,2022-03-07,2025-03-06,Tidak Aktif,2022,2026-05-17T15:02:44+07:00
KJS90edcb08,MoU,JICA Indonesia,Litbang,Pendidikan,TK,2025-08-13,2027-08-13,Aktif,2025,2026-05-17T15:02:44+07:00
KJS766f538c,MoU,Chulalongkorn University,PT_LN,Pendidikan,TM,2023-01-30,2028-01-29,Aktif,2023,2026-05-17T15:02:44+07:00
KJS8939d03a,PKS,Google Indonesia,Industri,Semua,TS,2021-04-02,2023-04-02,Tidak Aktif,2021,2026-05-17T15:02:44+07:00
KJS5740a713,MoU,Universitas Indonesia,Industri,MBKM,BIO,2024-12-06,2027-12-06,Aktif,2024,2026-05-17T15:02:44+07:00
KJS65f5db36,MoU,PT PLN,Pemerintah,Penelitian,FIS,2023-03-26,2024-03-25,Tidak Aktif,2023,2026-05-17T15:02:44+07:00
KJS71055c3b,MoU,Universiti Malaya,PT_DN,Semua,IF,2020-02-29,2025-02-27,Tidak Aktif,2020,2026-05-17T15:02:44+07:00
KJSd067d7bc,MoU,Huawei Indonesia,Litbang,Pendidikan,FIS,2019-05-02,2024-04-30,Tidak Aktif,2019,2026-05-17T15:02:44+07:00
KJS28b93c53,PKS,Chulalongkorn University,PT_DN,Semua,TS,2023-10-15,2026-10-14,Aktif,2023,2026-05-17T15:02:44+07:00
KJS3388c52d,MoU,Osaka University,Litbang,MBKM,FIS,2023-07-02,2024-07-01,Tidak Aktif,2023,2026-05-17T15:02:44+07:00
KJS0848eb3f,MoU,ITS,PT_DN,Semua,BIO,2019-06-23,2021-06-22,Tidak Aktif,2019,2026-05-17T15:02:44+07:00
KJS2a0e0c84,PKS,UNDP Indonesia,PT_LN,Pendidikan,SI,2022-05-08,2024-05-07,Tidak Aktif,2022,2026-05-17T15:02:44+07:00
KJScfade3ec,PKS,PT Astra International,Litbang,MBKM,GL,2020-05-09,2025-05-08,Tidak Aktif,2020,2026-05-17T15:02:44+07:00
KJSb098b86f,PKS,PT Astra International,Pemerintah,PkM,SI,2020-11-12,2022-11-12,Tidak Aktif,2020,2026-05-17T15:02:44+07:00
KJSb6e3f9a3,PKS,NUS Singapore,Pemerintah,Pendidikan,FIS,2022-03-26,2024-03-25,Tidak Aktif,2022,2026-05-17T15:02:44+07:00
KJS84904c89,MoU,PT Astra International,Pemerintah,Penelitian,MB,2019-09-01,2022-08-31,Tidak Aktif,2019,2026-05-17T15:02:44+07:00
KJSad195eb1,MoU,Universiti Malaya,Litbang,MBKM,,2021-12-21,2023-12-21,Tidak Aktif,2021,2026-05-17T15:02:44+07:00
KJS295f85be,MoU,Google Indonesia,PT_DN,Semua,TE,2020-05-07,2021-05-07,Tidak Aktif,2020,2026-05-17T15:02:44+07:00
KJS0a38ff76,PKS,ITB,Litbang,Semua,TI,2020-06-06,2022-06-06,Tidak Aktif,2020,2026-05-17T15:02:44+07:00
KJS15695ec6,PKS,ITS,Litbang,PkM,TG,2019-08-22,2024-08-20,Tidak Aktif,2019,2026-05-17T15:02:44+07:00
KJSfaf127f7,MoU,PT PLN,Litbang,Penelitian,MB,2025-03-15,2028-03-14,Aktif,2025,2026-05-17T15:02:44+07:00
KJS405f4582,MoU,ITB,Litbang,Penelitian,AG,2023-04-25,2028-04-23,Aktif,2023,2026-05-17T15:02:44+07:00
KJSb5cc8c09,PKS,PT Astra International,Pemerintah,Penelitian,TE,2025-01-29,2030-01-28,Aktif,2025,2026-05-17T15:02:44+07:00
KJS3e8b46f4,MoU,ITB,Industri,PkM,GD,2019-03-04,2020-03-03,Tidak Aktif,2019,2026-05-17T15:02:44+07:00
KJSb835ffb2,MoU,PT Pertamina,PT_DN,PkM,KIM,2025-11-18,2028-11-17,Aktif,2025,2026-05-17T15:02:44+07:00
KJScd952032,MoU,Google Indonesia,PT_LN,PkM,FIS,2022-02-26,2023-02-26,Tidak Aktif,2022,2026-05-17T15:02:44+07:00
KJS749561bb,MoU,PT PLN,Pemerintah,Semua,GD,2021-02-23,2026-02-22,Tidak Aktif,2021,2026-05-17T15:02:44+07:00
KJS2246bb79,MoU,PT Telkom Indonesia,Industri,PkM,TI,2024-09-17,2029-09-16,Aktif,2024,2026-05-17T15:02:44+07:00
KJSd59bf7d2,PKS,Universitas Lampung,Litbang,Penelitian,GL,2019-04-26,2020-04-25,Tidak Aktif,2019,2026-05-17T15:02:44+07:00
KJSfb8b73a4,MoU,BRIN,Pemerintah,PkM,KIM,2024-07-25,2027-07-25,Aktif,2024,2026-05-17T15:02:44+07:00
KJSbd96865d,MoU,ITB,PT_DN,MBKM,,2024-01-03,2029-01-01,Aktif,2024,2026-05-17T15:02:44+07:00
KJSb0a00627,PKS,Chulalongkorn University,Pemerintah,Semua,TLK,2023-04-27,2025-04-26,Tidak Aktif,2023,2026-05-17T15:02:44+07:00
KJS0ab98f9e,PKS,Unsri,PT_LN,MBKM,BIO,2022-08-02,2023-08-02,Tidak Aktif,2022,2026-05-17T15:02:44+07:00
KJS71505220,MoU,PT Telkom Indonesia,PT_LN,MBKM,IF,2022-09-30,2027-09-29,Aktif,2022,2026-05-17T15:02:44+07:00
KJS860608a0,PKS,PT Astra International,Litbang,Pendidikan,PWK,2024-01-05,2026-01-04,Tidak Aktif,2024,2026-05-17T15:02:44+07:00
KJS2fb8acc4,PKS,Google Indonesia,Industri,Pendidikan,IF,2020-04-22,2023-04-22,Tidak Aktif,2020,2026-05-17T15:02:44+07:00
KJS40bf1c6f,MoU,Telkom University,Litbang,MBKM,PWK,2022-04-21,2027-04-20,Aktif,2022,2026-05-17T15:02:44+07:00
KJS276a6d26,PKS,BRIN,Industri,Penelitian,FIS,2024-03-15,2025-03-15,Tidak Aktif,2024,2026-05-17T15:02:44+07:00
KJSfb8bc66d,PKS,UGM,PT_LN,Pendidikan,AR,2023-03-22,2024-03-21,Tidak Aktif,2023,2026-05-17T15:02:44+07:00
KJSeff1ea81,PKS,Unsri,Pemerintah,MBKM,MTK,2022-01-18,2027-01-17,Aktif,2022,2026-05-17T15:02:44+07:00
KJS03f9d95d,PKS,Toyota Motor Manufacturing,Industri,Penelitian,TE,2021-05-29,2022-05-29,Tidak Aktif,2021,2026-05-17T15:02:44+07:00
KJS7d99c589,PKS,Unsri,Litbang,PkM,TE,2021-02-22,2024-02-22,Tidak Aktif,2021,2026-05-17T15:02:44+07:00
KJSed738c30,MoU,BMKG,Litbang,PkM,SK,2019-08-10,2020-08-09,Tidak Aktif,2019,2026-05-17T15:02:44+07:00
KJS8070020f,PKS,NUS Singapore,Industri,Penelitian,GD,2020-03-30,2023-03-30,Tidak Aktif,2020,2026-05-17T15:02:44+07:00
KJS266ff332,PKS,ITS,Litbang,PkM,IF,2024-06-22,2025-06-22,Tidak Aktif,2024,2026-05-17T15:02:44+07:00
KJS1cb3fc71,MoU,Google Indonesia,PT_DN,Pendidikan,BIO,2019-04-10,2020-04-09,Tidak Aktif,2019,2026-05-17T15:02:44+07:00
KJSb67a5cf3,MoU,LIPI,Litbang,Penelitian,TM,2023-05-06,2024-05-05,Tidak Aktif,2023,2026-05-17T15:02:44+07:00
KJS75634ef3,MoU,PT Bukit Asam,Pemerintah,MBKM,TLK,2019-07-10,2020-07-09,Tidak Aktif,2019,2026-05-17T15:02:44+07:00
KJS6fe8debb,MoU,World Bank Jakarta,Litbang,MBKM,TP,2022-07-23,2025-07-22,Tidak Aktif,2022,2026-05-17T15:02:44+07:00
KJSce476313,PKS,Osaka University,PT_LN,Pendidikan,GL,2019-08-11,2020-08-10,Tidak Aktif,2019,2026-05-17T15:02:44+07:00
KJSbb188658,PKS,Universitas Lampung,Industri,Pendidikan,TK,2020-10-22,2023-10-22,Tidak Aktif,2020,2026-05-17T15:02:44+07:00
KJS2e0affd5,PKS,BRIN,Pemerintah,Penelitian,AG,2020-06-01,2025-05-31,Tidak Aktif,2020,2026-05-17T15:02:44+07:00
KJSd9baf870,PKS,BPS Lampung,Litbang,Pendidikan,BIO,2019-05-30,2024-05-28,Tidak Aktif,2019,2026-05-17T15:02:44+07:00
KJSb54d7c3b,MoU,Kyushu University,Litbang,Penelitian,TK,2019-07-30,2020-07-29,Tidak Aktif,2019,2026-05-17T15:02:44+07:00
KJS620b5570,PKS,Chulalongkorn University,Pemerintah,Pendidikan,IF,2025-02-28,2028-02-28,Aktif,2025,2026-05-17T15:02:44+07:00
KJS6d31cf09,MoU,NUS Singapore,PT_DN,PkM,PWK,2023-10-20,2028-10-18,Aktif,2023,2026-05-17T15:02:44+07:00
KJS1454d5a8,PKS,Universiti Malaya,PT_LN,MBKM,TK,2024-05-12,2026-05-12,Tidak Aktif,2024,2026-05-17T15:02:44+07:00
KJS2ef5a1a8,PKS,Toyota Motor Manufacturing,Industri,Semua,AR,2020-10-22,2021-10-22,Tidak Aktif,2020,2026-05-17T15:02:44+07:00
KJS5af5a296,MoU,ITB,Pemerintah,Pendidikan,TI,2019-09-13,2022-09-12,Tidak Aktif,2019,2026-05-17T15:02:44+07:00
KJS9781eae0,MoU,ITS,PT_LN,Pendidikan,IF,2024-07-31,2026-07-31,Aktif,2024,2026-05-17T15:02:44+07:00
KJSf7d6d933,PKS,BPS Lampung,PT_DN,Penelitian,TG,2019-11-12,2020-11-11,Tidak Aktif,2019,2026-05-17T15:02:44+07:00
KJS89096242,MoU,UNDP Indonesia,Pemerintah,Pendidikan,BIO,2021-04-01,2024-03-31,Tidak Aktif,2021,2026-05-17T15:02:44+07:00
KJS87080496,MoU,BRIN,PT_DN,Pendidikan,IF,2025-10-16,2028-10-15,Aktif,2025,2026-05-17T15:02:44+07:00
KJS5a5b1a05,PKS,Huawei Indonesia,PT_LN,Penelitian,AG,2023-10-27,2026-10-26,Aktif,2023,2026-05-17T15:02:44+07:00
KJS9038247f,MoU,Osaka University,Industri,MBKM,TL,2025-03-29,2028-03-28,Aktif,2025,2026-05-17T15:02:44+07:00
KJSad0dcfde,MoU,LIPI,Pemerintah,Pendidikan,FT,2025-11-20,2028-11-19,Aktif,2025,2026-05-17T15:02:44+07:00
KJS522783cd,MoU,NUS Singapore,Industri,Pendidikan,KIM,2025-05-10,2026-05-10,Tidak Aktif,2025,2026-05-17T15:02:44+07:00
KJS0cfc10db,MoU,IPB University,Pemerintah,PkM,FT,2025-09-10,2030-09-09,Aktif,2025,2026-05-17T15:02:44+07:00
KJS9926d691,PKS,Unsri,Pemerintah,Semua,PWK,2023-01-24,2024-01-24,Tidak Aktif,2023,2026-05-17T15:02:44+07:00
KJS8ca8b5c5,MoU,Chulalongkorn University,PT_LN,Semua,TE,2024-11-27,2029-11-26,Aktif,2024,2026-05-17T15:02:44+07:00
KJSd98e9cfd,PKS,BRIN,Litbang,Pendidikan,BIO,2020-09-16,2023-09-16,Tidak Aktif,2020,2026-05-17T15:02:44+07:00
KJSbda9b712,PKS,Kyushu University,PT_LN,PkM,KIM,2020-07-19,2025-07-18,Tidak Aktif,2020,2026-05-17T15:02:44+07:00
KJSe5338176,PKS,PT Astra International,Industri,Penelitian,KIM,2024-05-20,2029-05-19,Aktif,2024,2026-05-17T15:02:44+07:00
KJS71b77d48,PKS,ITS,PT_DN,PkM,FIS,2020-08-06,2023-08-06,Tidak Aktif,2020,2026-05-17T15:02:44+07:00
KJS3385795b,MoU,Telkom University,Pemerintah,MBKM,KIM,2023-01-12,2028-01-11,Aktif,2023,2026-05-17T15:02:44+07:00
KJSf721f352,MoU,PT Pertamina,Pemerintah,Pendidikan,BIO,2020-01-26,2025-01-24,Tidak Aktif,2020,2026-05-17T15:02:44+07:00
KJS72721a29,MoU,Telkom University,Industri,PkM,TM,2019-08-21,2021-08-20,Tidak Aktif,2019,2026-05-17T15:02:44+07:00
KJScd864848,MoU,IPB University,PT_LN,Pendidikan,TLK,2021-01-24,2026-01-23,Tidak Aktif,2021,2026-05-17T15:02:44+07:00
KJS399cf60f,MoU,PT Telkom Indonesia,Pemerintah,Pendidikan,FT,2019-12-26,2021-12-25,Tidak Aktif,2019,2026-05-17T15:02:44+07:00
KJS8332b13f,MoU,Bank Indonesia,Industri,Semua,BIO,2024-12-24,2027-12-24,Aktif,2024,2026-05-17T15:02:44+07:00
KJS8dce1065,PKS,Universitas Lampung,PT_LN,Semua,PWK,2022-07-11,2023-07-11,Tidak Aktif,2022,2026-05-17T15:02:44+07:00
KJS3e43f59d,PKS,PT PLN,Industri,Pendidikan,AG,2019-08-11,2022-08-10,Tidak Aktif,2019,2026-05-17T15:02:44+07:00
KJS56290e23,MoU,IPB University,Litbang,Semua,SK,2023-07-27,2025-07-26,Tidak Aktif,2023,2026-05-17T15:02:44+07:00
KJS525c8351,PKS,PT Bukit Asam,Pemerintah,Semua,FIS,2023-08-04,2024-08-03,Tidak Aktif,2023,2026-05-17T15:02:44+07:00
KJSa4b01791,MoU,World Bank Jakarta,Litbang,Penelitian,,2019-11-04,2020-11-03,Tidak Aktif,2019,2026-05-17T15:02:44+07:00
KJSad475c73,PKS,Osaka University,PT_LN,Semua,BIO,2021-10-14,2022-10-14,Tidak Aktif,2021,2026-05-17T15:02:44+07:00
KJSdc2d2bc7,PKS,NUS Singapore,Pemerintah,PkM,KIM,2024-01-14,2027-01-13,Aktif,2024,2026-05-17T15:02:44+07:00
KJSa75cd906,PKS,ITB,PT_DN,Semua,FT,2021-05-04,2023-05-04,Tidak Aktif,2021,2026-05-17T15:02:44+07:00
KJSd4a0295c,MoU,Unila,PT_LN,MBKM,FT,2019-02-12,2021-02-11,Tidak Aktif,2019,2026-05-17T15:02:44+07:00
KJS4fccb3c1,MoU,Chulalongkorn University,Litbang,Semua,BIO,2019-06-09,2021-06-08,Tidak Aktif,2019,2026-05-17T15:02:44+07:00
KJS7c484b4d,PKS,LIPI,Pemerintah,MBKM,KIM,2024-03-14,2026-03-14,Tidak Aktif,2024,2026-05-17T15:02:44+07:00
KJS067556d3,PKS,UGM,PT_DN,Semua,TL,2019-01-22,2020-01-22,Tidak Aktif,2019,2026-05-17T15:02:44+07:00
KJSe200c794,PKS,BPS Lampung,Litbang,Pendidikan,AR,2022-05-01,2023-05-01,Tidak Aktif,2022,2026-05-17T15:02:44+07:00
KJSbbf6b809,PKS,Unsri,Pemerintah,PkM,TK,2024-12-02,2025-12-02,Tidak Aktif,2024,2026-05-17T15:02:44+07:00
KJS91aaa733,MoU,PT Bukit Asam,Industri,Pendidikan,TI,2025-02-13,2027-02-13,Aktif,2025,2026-05-17T15:02:44+07:00
KJS394306b8,MoU,UNDP Indonesia,Pemerintah,Semua,AR,2021-03-20,2024-03-19,Tidak Aktif,2021,2026-05-17T15:02:44+07:00
KJSa92f5544,MoU,PT Pertamina,Pemerintah,Pendidikan,FT,2019-06-11,2021-06-10,Tidak Aktif,2019,2026-05-17T15:02:44+07:00
KJS3b918cde,MoU,BMKG,Litbang,Semua,IF,2021-12-03,2022-12-03,Tidak Aktif,2021,2026-05-17T15:02:44+07:00
KJSa5ac600f,MoU,Google Indonesia,Industri,MBKM,SI,2020-04-28,2023-04-28,Tidak Aktif,2020,2026-05-17T15:02:44+07:00
KJS622c3b0d,PKS,Chulalongkorn University,Litbang,Penelitian,KIM,2025-11-23,2027-11-23,Aktif,2025,2026-05-17T15:02:44+07:00
KJS79e9c4dd,MoU,Huawei Indonesia,Pemerintah,Penelitian,TP,2025-08-26,2030-08-25,Aktif,2025,2026-05-17T15:02:44+07:00
KJS6c28dc30,PKS,BRIN,PT_LN,PkM,TE,2020-09-15,2021-09-15,Tidak Aktif,2020,2026-05-17T15:02:44+07:00
KJS58fa36ed,PKS,Huawei Indonesia,PT_LN,PkM,GD,2025-10-09,2026-10-09,Aktif,2025,2026-05-17T15:02:44+07:00
KJSd8a1eef8,MoU,Universiti Malaya,PT_LN,PkM,SK,2024-03-08,2026-03-08,Tidak Aktif,2024,2026-05-17T15:02:44+07:00
KJSe6c0ea4e,MoU,Google Indonesia,Litbang,Semua,KIM,2019-08-14,2021-08-13,Tidak Aktif,2019,2026-05-17T15:02:44+07:00
KJS1dfeb2a7,MoU,BMKG,PT_DN,PkM,SI,2022-07-29,2024-07-28,Tidak Aktif,2022,2026-05-17T15:02:44+07:00
KJS55a23c74,PKS,Unsri,Litbang,Semua,GD,2025-03-15,2027-03-15,Aktif,2025,2026-05-17T15:02:44+07:00
KJSa8ab643e,PKS,UGM,Pemerintah,PkM,SK,2024-02-08,2029-02-06,Aktif,2024,2026-05-17T15:02:44+07:00
KJSc072ce91,PKS,Politeknik Negeri Lampung,PT_LN,Penelitian,TS,2019-08-27,2021-08-26,Tidak Aktif,2019,2026-05-17T15:02:44+07:00
KJSde22057b,PKS,PT Astra International,PT_DN,PkM,IF,2019-04-22,2022-04-21,Tidak Aktif,2019,2026-05-17T15:02:44+07:00
KJS4590bbd0,MoU,World Bank Jakarta,Litbang,Semua,BIO,2023-02-26,2024-02-26,Tidak Aktif,2023,2026-05-17T15:02:44+07:00
KJSa8f3d67d,MoU,BRIN,Litbang,Pendidikan,FIS,2025-06-15,2027-06-15,Aktif,2025,2026-05-17T15:02:44+07:00
KJS93fdca48,PKS,Osaka University,PT_DN,Pendidikan,TI,2022-05-30,2027-05-29,Aktif,2022,2026-05-17T15:02:44+07:00
KJS81d5eab9,PKS,Google Indonesia,Litbang,Penelitian,AR,2024-09-05,2025-09-05,Tidak Aktif,2024,2026-05-17T15:02:44+07:00
KJSd6ba1533,PKS,Chulalongkorn University,Industri,Pendidikan,TL,2025-09-22,2028-09-21,Aktif,2025,2026-05-17T15:02:44+07:00
KJS17cf377f,MoU,Universitas Lampung,PT_DN,Semua,GL,2021-05-31,2026-05-30,Aktif,2021,2026-05-17T15:02:44+07:00
KJS6e9ec0ed,MoU,BPS Lampung,Industri,Penelitian,SK,2023-01-07,2026-01-06,Tidak Aktif,2023,2026-05-17T15:02:44+07:00
KJSb32a9e84,PKS,BPS Lampung,Pemerintah,Pendidikan,TM,2023-11-24,2028-11-22,Aktif,2023,2026-05-17T15:02:44+07:00
KJS03cdb0e9,PKS,Bank Indonesia,Industri,MBKM,TL,2024-11-13,2027-11-13,Aktif,2024,2026-05-17T15:02:44+07:00
KJS662cdcbf,PKS,NUS Singapore,Pemerintah,Semua,GL,2019-11-18,2021-11-17,Tidak Aktif,2019,2026-05-17T15:02:44+07:00
KJSd5552aa5,MoU,NUS Singapore,PT_DN,PkM,PWK,2020-06-18,2021-06-18,Tidak Aktif,2020,2026-05-17T15:02:44+07:00
KJSc54b08b4,MoU,Politeknik Negeri Lampung,PT_DN,MBKM,SI,2020-08-31,2023-08-31,Tidak Aktif,2020,2026-05-17T15:02:44+07:00
KJSa54cc3a6,MoU,Universitas Indonesia,Litbang,Penelitian,AG,2025-06-14,2027-06-14,Aktif,2025,2026-05-17T15:02:44+07:00
KJS2f1f3435,PKS,PT Astra International,PT_DN,MBKM,MTK,2023-06-06,2026-06-05,Aktif,2023,2026-05-17T15:02:44+07:00
KJS30c9623a,MoU,JICA Indonesia,Pemerintah,MBKM,,2021-01-10,2022-01-10,Tidak Aktif,2021,2026-05-17T15:02:44+07:00
KJS1e0c2f01,MoU,Osaka University,Pemerintah,MBKM,GD,2021-01-15,2022-01-15,Tidak Aktif,2021,2026-05-17T15:02:44+07:00
KJS01e10e53,PKS,BRIN,Industri,MBKM,TK,2022-02-16,2023-02-16,Tidak Aktif,2022,2026-05-17T15:02:44+07:00
KJSaa1f4663,MoU,BRIN,Industri,Penelitian,IF,2023-08-14,2025-08-13,Tidak Aktif,2023,2026-05-17T15:02:44+07:00
KJSf42ceecb,MoU,PT Pertamina,PT_LN,Semua,KIM,2019-01-14,2022-01-13,Tidak Aktif,2019,2026-05-17T15:02:44+07:00
KJSb72571a8,PKS,World Bank Jakarta,Litbang,Penelitian,SI,2019-11-26,2022-11-25,Tidak Aktif,2019,2026-05-17T15:02:44+07:00
KJSe649366d,MoU,PT Pertamina,PT_DN,Pendidikan,AR,2022-04-13,2024-04-12,Tidak Aktif,2022,2026-05-17T15:02:44+07:00
KJS41b552f9,MoU,World Bank Jakarta,PT_DN,Semua,PWK,2023-12-14,2026-12-13,Aktif,2023,2026-05-17T15:02:44+07:00
KJSd776aa41,PKS,PT Astra International,Litbang,Pendidikan,TG,2019-05-25,2022-05-24,Tidak Aktif,2019,2026-05-17T15:02:44+07:00
KJSdfbab873,MoU,Kyushu University,Litbang,MBKM,TL,2024-07-24,2027-07-24,Aktif,2024,2026-05-17T15:02:44+07:00
KJSa451feb5,MoU,World Bank Jakarta,PT_DN,Pendidikan,SI,2025-10-03,2027-10-03,Aktif,2025,2026-05-17T15:02:44+07:00
KJS79b33a8f,PKS,NUS Singapore,Industri,Penelitian,TI,2021-05-14,2026-05-13,Tidak Aktif,2021,2026-05-17T15:02:44+07:00
KJS0328623d,MoU,Chulalongkorn University,Industri,Semua,MB,2024-12-25,2026-12-25,Aktif,2024,2026-05-17T15:02:44+07:00
KJScd0b2a3a,PKS,PT PLN,Industri,PkM,GL,2021-12-13,2026-12-12,Aktif,2021,2026-05-17T15:02:44+07:00
KJSa1eddca8,MoU,Universitas Indonesia,Industri,Semua,AR,2025-12-19,2028-12-18,Aktif,2025,2026-05-17T15:02:44+07:00
KJS9fa065ac,PKS,Politeknik Negeri Lampung,PT_LN,MBKM,TLK,2020-04-18,2021-04-18,Tidak Aktif,2020,2026-05-17T15:02:44+07:00
KJSedbdb5b1,PKS,Universitas Lampung,Pemerintah,Semua,MB,2024-06-03,2029-06-02,Aktif,2024,2026-05-17T15:02:44+07:00
KJS1e1df1c8,MoU,Telkom University,Industri,Pendidikan,TE,2021-09-10,2022-09-10,Tidak Aktif,2021,2026-05-17T15:02:44+07:00
KJS4be00dbc,MoU,Universiti Malaya,PT_LN,PkM,SI,2024-01-29,2029-01-27,Aktif,2024,2026-05-17T15:02:44+07:00
KJS76d4521a,MoU,World Bank Jakarta,PT_DN,MBKM,TS,2025-10-28,2026-10-28,Aktif,2025,2026-05-17T15:02:44+07:00
KJSb3064de4,PKS,UNDP Indonesia,Industri,Pendidikan,MTK,2023-05-30,2026-05-29,Aktif,2023,2026-05-17T15:02:44+07:00
KJS24e99472,MoU,Toyota Motor Manufacturing,Litbang,Semua,TL,2022-09-02,2023-09-02,Tidak Aktif,2022,2026-05-17T15:02:44+07:00
KJS0a2112a1,MoU,Chulalongkorn University,Litbang,PkM,TG,2023-01-05,2024-01-05,Tidak Aktif,2023,2026-05-17T15:02:44+07:00
KJS38037c7d,PKS,Kyushu University,Industri,MBKM,FT,2021-08-30,2024-08-29,Tidak Aktif,2021,2026-05-17T15:02:44+07:00
KJSc78fa998,MoU,Telkom University,Litbang,PkM,GL,2019-01-16,2024-01-15,Tidak Aktif,2019,2026-05-17T15:02:44+07:00
KJS31392c32,MoU,BRIN,Industri,Semua,GD,2019-05-17,2022-05-16,Tidak Aktif,2019,2026-05-17T15:02:44+07:00
KJS480242e2,PKS,PT Telkom Indonesia,Industri,PkM,TLK,2023-08-31,2024-08-30,Tidak Aktif,2023,2026-05-17T15:02:44+07:00
KJS2c875e52,PKS,Unila,Pemerintah,Semua,TL,2021-07-14,2022-07-14,Tidak Aktif,2021,2026-05-17T15:02:44+07:00
KJS094872cb,MoU,Unsri,PT_LN,Semua,SI,2025-11-07,2028-11-06,Aktif,2025,2026-05-17T15:02:44+07:00
KJS85e59d6c,MoU,PT PLN,Industri,Semua,TL,2020-03-16,2023-03-16,Tidak Aktif,2020,2026-05-17T15:02:44+07:00
KJS94d926b4,PKS,PT Pertamina,Pemerintah,Semua,TLK,2023-02-05,2028-02-04,Aktif,2023,2026-05-17T15:02:44+07:00
KJS5e366ff4,MoU,BRIN,PT_LN,Penelitian,TP,2023-09-20,2025-09-19,Tidak Aktif,2023,2026-05-17T15:02:44+07:00
KJSec45d5e3,MoU,Unsri,PT_LN,Penelitian,PWK,2021-12-03,2026-12-02,Aktif,2021,2026-05-17T15:02:44+07:00
KJSec9c2c1e,MoU,PT Astra International,Pemerintah,Pendidikan,TP,2022-11-03,2023-11-03,Tidak Aktif,2022,2026-05-17T15:02:44+07:00
KJS199ed071,MoU,Bank Indonesia,PT_LN,Semua,TLK,2021-12-21,2023-12-21,Tidak Aktif,2021,2026-05-17T15:02:44+07:00
KJS3352b377,PKS,Universiti Malaya,Industri,Penelitian,MB,2022-11-17,2027-11-16,Aktif,2022,2026-05-17T15:02:44+07:00
KJSa175161e,MoU,Osaka University,PT_DN,Penelitian,TE,2021-02-13,2022-02-13,Tidak Aktif,2021,2026-05-17T15:02:44+07:00
KJSa3e27da0,MoU,PT Pertamina,PT_DN,Pendidikan,IF,2025-11-28,2030-11-27,Aktif,2025,2026-05-17T15:02:44+07:00
KJS051bc8e3,MoU,Unila,PT_LN,Semua,TLK,2025-06-08,2030-06-07,Aktif,2025,2026-05-17T15:02:44+07:00
KJSfb2861f1,PKS,Google Indonesia,PT_DN,Penelitian,TL,2022-07-10,2024-07-09,Tidak Aktif,2022,2026-05-17T15:02:44+07:00
KJSdc93f831,PKS,Universitas Lampung,Litbang,Semua,SK,2019-11-20,2020-11-19,Tidak Aktif,2019,2026-05-17T15:02:44+07:00
KJS2b550a5d,PKS,JICA Indonesia,Litbang,PkM,MB,2025-10-23,2030-10-22,Aktif,2025,2026-05-17T15:02:44+07:00
KJS715d340e,MoU,Unsri,PT_DN,PkM,BIO,2025-02-26,2026-02-26,Tidak Aktif,2025,2026-05-17T15:02:44+07:00
KJScd64ece5,MoU,BMKG,PT_LN,Penelitian,SK,2019-11-25,2022-11-24,Tidak Aktif,2019,2026-05-17T15:02:44+07:00
KJSca18dbde,PKS,TU Delft,Litbang,PkM,SI,2023-07-07,2024-07-06,Tidak Aktif,2023,2026-05-17T15:02:44+07:00
KJS7a473460,PKS,Kyushu University,Litbang,MBKM,IF,2020-04-11,2022-04-11,Tidak Aktif,2020,2026-05-17T15:02:44+07:00
KJS6e443a8b,MoU,LIPI,Litbang,Semua,TM,2023-03-14,2026-03-13,Tidak Aktif,2023,2026-05-17T15:02:44+07:00
KJSe9cf1cec,PKS,Toyota Motor Manufacturing,Pemerintah,Semua,AG,2025-11-29,2026-11-29,Aktif,2025,2026-05-17T15:02:44+07:00
KJS295034cc,MoU,Unila,PT_DN,MBKM,TG,2024-04-20,2026-04-20,Tidak Aktif,2024,2026-05-17T15:02:44+07:00
KJSc3cc8749,MoU,JICA Indonesia,Litbang,Penelitian,GL,2025-04-15,2026-04-15,Tidak Aktif,2025,2026-05-17T15:02:44+07:00
KJS1620cba9,MoU,Kyushu University,Pemerintah,MBKM,KIM,2023-08-26,2025-08-25,Tidak Aktif,2023,2026-05-17T15:02:44+07:00
KJSa8bd58e6,PKS,LIPI,Pemerintah,Penelitian,SK,2025-06-07,2028-06-06,Aktif,2025,2026-05-17T15:02:44+07:00
KJS5a4ddf4b,PKS,PT Telkom Indonesia,PT_LN,PkM,FT,2025-10-05,2026-10-05,Aktif,2025,2026-05-17T15:02:44+07:00
KJSa53e1273,PKS,Kyushu University,Industri,PkM,AR,2025-04-09,2027-04-09,Aktif,2025,2026-05-17T15:02:44+07:00
KJS490455d8,MoU,Universiti Malaya,PT_LN,Semua,TE,2025-12-05,2030-12-04,Aktif,2025,2026-05-17T15:02:44+07:00
KJS5aafc2ba,MoU,Kyushu University,PT_DN,Penelitian,TE,2024-10-09,2029-10-08,Aktif,2024,2026-05-17T15:02:44+07:00
KJSa138a533,MoU,Unsri,Industri,PkM,AR,2019-03-10,2024-03-08,Tidak Aktif,2019,2026-05-17T15:02:44+07:00
KJSa59c1625,PKS,Osaka University,Litbang,Semua,AG,2021-10-08,2024-10-07,Tidak Aktif,2021,2026-05-17T15:02:44+07:00
KJSe6328158,PKS,Universitas Lampung,Litbang,Penelitian,TK,2019-05-09,2020-05-08,Tidak Aktif,2019,2026-05-17T15:02:44+07:00
KJS0a303e6c,PKS,UNDP Indonesia,Litbang,Semua,MB,2024-09-03,2025-09-03,Tidak Aktif,2024,2026-05-17T15:02:44+07:00
KJS0fd9cc38,MoU,PT Pertamina,PT_LN,Semua,FT,2025-03-24,2026-03-24,Tidak Aktif,2025,2026-05-17T15:02:44+07:00
KJSad0d6c43,MoU,PT Astra International,Litbang,MBKM,TI,2021-07-11,2023-07-11,Tidak Aktif,2021,2026-05-17T15:02:44+07:00
KJS5cc4f936,PKS,Universitas Lampung,Litbang,MBKM,GD,2020-06-25,2023-06-25,Tidak Aktif,2020,2026-05-17T15:02:44+07:00
KJS46f7cb4e,MoU,Unila,Pemerintah,Pendidikan,TG,2021-10-14,2026-10-13,Aktif,2021,2026-05-17T15:02:44+07:00
KJS815cc3bf,PKS,Google Indonesia,PT_LN,Penelitian,TE,2021-04-14,2026-04-13,Tidak Aktif,2021,2026-05-17T15:02:44+07:00
KJS113801ba,PKS,ITB,Industri,Pendidikan,TK,2025-04-26,2030-04-25,Aktif,2025,2026-05-17T15:02:44+07:00
KJS25f48acf,MoU,LIPI,PT_LN,Pendidikan,KIM,2024-01-21,2027-01-20,Aktif,2024,2026-05-17T15:02:44+07:00
KJS0e317749,PKS,Huawei Indonesia,Litbang,Pendidikan,TS,2025-05-18,2027-05-18,Aktif,2025,2026-05-17T15:02:44+07:00
KJS681d6fda,PKS,Telkom University,Pemerintah,Pendidikan,MTK,2023-07-18,2025-07-17,Tidak Aktif,2023,2026-05-17T15:02:44+07:00
KJSc993b123,PKS,LIPI,Industri,Penelitian,PWK,2020-05-11,2021-05-11,Tidak Aktif,2020,2026-05-17T15:02:44+07:00
KJS5eb57e2d,PKS,BPS Lampung,Pemerintah,PkM,MTK,2020-04-01,2021-04-01,Tidak Aktif,2020,2026-05-17T15:02:44+07:00
KJSbcfff4cc,MoU,PT Astra International,PT_LN,Pendidikan,IF,2022-09-22,2023-09-22,Tidak Aktif,2022,2026-05-17T15:02:44+07:00
KJS56d3dd9c,MoU,UNDP Indonesia,PT_LN,Semua,TI,2022-07-19,2027-07-18,Aktif,2022,2026-05-17T15:02:44+07:00
KJSa40d5813,PKS,Kyushu University,PT_LN,MBKM,GD,2024-02-23,2025-02-22,Tidak Aktif,2024,2026-05-17T15:02:44+07:00
KJSd3289850,PKS,PT Pertamina,PT_LN,Pendidikan,BIO,2023-06-02,2024-06-01,Tidak Aktif,2023,2026-05-17T15:02:44+07:00
KJS174fe441,MoU,ITB,Industri,Pendidikan,SI,2020-03-14,2025-03-13,Tidak Aktif,2020,2026-05-17T15:02:44+07:00
KJS07a4eb36,PKS,Toyota Motor Manufacturing,Industri,Semua,TI,2024-02-27,2025-02-26,Tidak Aktif,2024,2026-05-17T15:02:44+07:00
KJSb4ed4736,MoU,Politeknik Negeri Lampung,Industri,PkM,GL,2025-08-10,2030-08-09,Aktif,2025,2026-05-17T15:02:44+07:00
KJS9801d3bf,PKS,Huawei Indonesia,Litbang,PkM,,2021-10-14,2023-10-14,Tidak Aktif,2021,2026-05-17T15:02:44+07:00
KJS6dd81280,PKS,PT Bukit Asam,Industri,Semua,AG,2022-11-23,2023-11-23,Tidak Aktif,2022,2026-05-17T15:02:44+07:00
KJS6b3c17de,PKS,Google Indonesia,PT_LN,MBKM,,2021-12-09,2023-12-09,Tidak Aktif,2021,2026-05-17T15:02:44+07:00
KJS59f65970,PKS,Universiti Malaya,Industri,Pendidikan,TE,2024-11-09,2026-11-09,Aktif,2024,2026-05-17T15:02:44+07:00
KJSc85f2f20,MoU,Toyota Motor Manufacturing,PT_DN,Pendidikan,AR,2025-06-20,2026-06-20,Aktif,2025,2026-05-17T15:02:44+07:00
KJS912cdb9a,MoU,PT Astra International,Litbang,PkM,KIM,2022-02-27,2024-02-27,Tidak Aktif,2022,2026-05-17T15:02:44+07:00
KJSa5d86ab0,MoU,Huawei Indonesia,PT_LN,MBKM,TP,2019-04-17,2024-04-15,Tidak Aktif,2019,2026-05-17T15:02:44+07:00
KJS3ffe5fb7,PKS,Chulalongkorn University,PT_DN,Semua,FIS,2020-02-18,2021-02-17,Tidak Aktif,2020,2026-05-17T15:02:44+07:00
KJSd75caf77,MoU,Unsri,Pemerintah,Penelitian,GL,2019-05-01,2020-04-30,Tidak Aktif,2019,2026-05-17T15:02:44+07:00
KJS47378423,MoU,Politeknik Negeri Lampung,PT_DN,MBKM,FT,2023-07-28,2025-07-27,Tidak Aktif,2023,2026-05-17T15:02:44+07:00
KJSd67bc56c,PKS,ITS,Pemerintah,Penelitian,TG,2019-12-07,2022-12-06,Tidak Aktif,2019,2026-05-17T15:02:44+07:00
KJS12bb1c22,MoU,Universiti Malaya,PT_DN,PkM,FIS,2024-05-23,2027-05-23,Aktif,2024,2026-05-17T15:02:44+07:00
KJS2f6652a9,MoU,PT Telkom Indonesia,Industri,MBKM,TM,2023-03-01,2028-02-28,Aktif,2023,2026-05-17T15:02:44+07:00
KJS46bb0f3f,MoU,Chulalongkorn University,PT_LN,Penelitian,AG,2025-11-02,2028-11-01,Aktif,2025,2026-05-17T15:02:44+07:00
KJSd02fa6fa,MoU,PT PLN,Pemerintah,MBKM,TL,2023-02-05,2024-02-05,Tidak Aktif,2023,2026-05-17T15:02:44+07:00
KJS0611f4db,MoU,PT Astra International,Industri,MBKM,SK,2023-03-07,2026-03-06,Tidak Aktif,2023,2026-05-17T15:02:44+07:00
KJS5e1e2c57,PKS,Universitas Indonesia,Industri,Penelitian,GL,2022-12-02,2027-12-01,Aktif,2022,2026-05-17T15:02:44+07:00
KJS01c0a037,PKS,Bank Indonesia,PT_DN,Pendidikan,TI,2020-11-30,2022-11-30,Tidak Aktif,2020,2026-05-17T15:02:44+07:00
KJS50421256,PKS,PT Telkom Indonesia,Litbang,Semua,TI,2022-05-08,2025-05-07,Tidak Aktif,2022,2026-05-17T15:02:44+07:00
KJS97490f9a,PKS,TU Delft,PT_DN,MBKM,TI,2020-12-24,2025-12-23,Tidak Aktif,2020,2026-05-17T15:02:44+07:00
KJS877892fa,MoU,Osaka University,Pemerintah,Pendidikan,TP,2020-09-30,2025-09-29,Tidak Aktif,2020,2026-05-17T15:02:44+07:00
KJS87f822ad,MoU,Unila,PT_DN,Semua,FT,2019-07-26,2021-07-25,Tidak Aktif,2019,2026-05-17T15:02:44+07:00
KJSb65624c5,MoU,Chulalongkorn University,PT_LN,PkM,,2020-01-08,2025-01-06,Tidak Aktif,2020,2026-05-17T15:02:44+07:00
KJS3a4981e8,PKS,ITS,Industri,Semua,TM,2022-12-17,2024-12-16,Tidak Aktif,2022,2026-05-17T15:02:44+07:00
KJS675e70a5,MoU,PT Telkom Indonesia,PT_DN,Semua,TE,2022-09-06,2023-09-06,Tidak Aktif,2022,2026-05-17T15:02:44+07:00
KJS04960f48,PKS,Kyushu University,PT_DN,MBKM,SI,2019-12-23,2024-12-21,Tidak Aktif,2019,2026-05-17T15:02:44+07:00
KJS4540ea96,PKS,Osaka University,PT_LN,PkM,TK,2020-06-04,2025-06-03,Tidak Aktif,2020,2026-05-17T15:02:44+07:00
KJS0dec12ee,MoU,IPB University,PT_DN,Semua,BIO,2023-11-05,2028-11-03,Aktif,2023,2026-05-17T15:02:44+07:00
KJS77cdc83b,MoU,Osaka University,PT_LN,Pendidikan,TP,2022-06-19,2025-06-18,Tidak Aktif,2022,2026-05-17T15:02:44+07:00
KJS726593a4,MoU,World Bank Jakarta,PT_LN,Pendidikan,TE,2023-02-15,2026-02-14,Tidak Aktif,2023,2026-05-17T15:02:44+07:00
KJS943db390,PKS,Toyota Motor Manufacturing,Litbang,Penelitian,TE,2020-06-29,2022-06-29,Tidak Aktif,2020,2026-05-17T15:02:44+07:00
KJSeff88ef2,PKS,World Bank Jakarta,PT_LN,Semua,TM,2023-01-15,2026-01-14,Tidak Aktif,2023,2026-05-17T15:02:44+07:00
KJS0e68022a,MoU,Huawei Indonesia,Pemerintah,Semua,TP,2025-07-05,2027-07-05,Aktif,2025,2026-05-17T15:02:44+07:00
KJS7d4d8480,PKS,NUS Singapore,Litbang,Pendidikan,MTK,2020-12-10,2022-12-10,Tidak Aktif,2020,2026-05-17T15:02:44+07:00
KJS57150cc8,PKS,IPB University,Pemerintah,Pendidikan,MTK,2025-12-27,2027-12-27,Aktif,2025,2026-05-17T15:02:44+07:00
KJSf7a658f9,MoU,Telkom University,Industri,MBKM,TLK,2019-10-09,2024-10-07,Tidak Aktif,2019,2026-05-17T15:02:44+07:00
KJS9e3c8c11,PKS,PT PLN,Pemerintah,PkM,SK,2022-01-11,2023-01-11,Tidak Aktif,2022,2026-05-17T15:02:44+07:00
KJS66898207,MoU,Google Indonesia,Pemerintah,PkM,SK,2019-10-30,2021-10-29,Tidak Aktif,2019,2026-05-17T15:02:44+07:00
KJSb01843c6,PKS,PT PLN,PT_DN,Penelitian,TM,2025-07-11,2026-07-11,Aktif,2025,2026-05-17T15:02:44+07:00
KJSf303c0a3,MoU,Universiti Malaya,Pemerintah,Pendidikan,TE,2023-03-29,2024-03-28,Tidak Aktif,2023,2026-05-17T15:02:44+07:00
KJS4fb79793,MoU,ITS,Litbang,MBKM,TE,2021-03-26,2022-03-26,Tidak Aktif,2021,2026-05-17T15:02:44+07:00
KJSfd2a961c,MoU,Politeknik Negeri Lampung,Pemerintah,Penelitian,TI,2021-03-18,2026-03-17,Tidak Aktif,2021,2026-05-17T15:02:44+07:00
KJSc3840bec,MoU,Unsri,Pemerintah,PkM,TLK,2019-12-01,2021-11-30,Tidak Aktif,2019,2026-05-17T15:02:44+07:00
KJS4b9a09e7,MoU,PT PLN,PT_DN,PkM,MTK,2021-11-03,2023-11-03,Tidak Aktif,2021,2026-05-17T15:02:44+07:00
KJS6014ecf8,MoU,Unila,PT_LN,Pendidikan,MB,2025-06-07,2027-06-07,Aktif,2025,2026-05-17T15:02:44+07:00
KJS0f622778,MoU,Huawei Indonesia,Industri,Semua,AR,2022-12-03,2027-12-02,Aktif,2022,2026-05-17T15:02:44+07:00
KJS72216964,PKS,Politeknik Negeri Lampung,Industri,Pendidikan,TK,2023-06-01,2028-05-30,Aktif,2023,2026-05-17T15:02:44+07:00
KJSc66d5a40,MoU,NUS Singapore,Industri,PkM,TP,2019-09-24,2022-09-23,Tidak Aktif,2019,2026-05-17T15:02:44+07:00
KJSccf99112,PKS,TU Delft,Pemerintah,Pendidikan,KIM,2019-04-01,2021-03-31,Tidak Aktif,2019,2026-05-17T15:02:44+07:00
KJSff6ab495,PKS,PT PLN,Litbang,Penelitian,TP,2022-05-28,2023-05-28,Tidak Aktif,2022,2026-05-17T15:02:44+07:00
KJS28942d05,MoU,PT Telkom Indonesia,PT_DN,MBKM,BIO,2019-02-26,2024-02-25,Tidak Aktif,2019,2026-05-17T15:02:44+07:00
KJS7e7527db,PKS,PT Bukit Asam,Industri,Penelitian,GL,2022-09-17,2027-09-16,Aktif,2022,2026-05-17T15:02:44+07:00
KJS486daa5f,MoU,BPS Lampung,Pemerintah,Penelitian,AR,2025-07-23,2028-07-22,Aktif,2025,2026-05-17T15:02:44+07:00
KJS6a229219,PKS,Universiti Malaya,Industri,PkM,TL,2021-12-18,2022-12-18,Tidak Aktif,2021,2026-05-17T15:02:44+07:00
KJS8e2d5b2a,PKS,PT Bukit Asam,Industri,Pendidikan,TM,2023-07-26,2026-07-25,Aktif,2023,2026-05-17T15:02:44+07:00
KJS9428cb37,PKS,TU Delft,Litbang,Semua,,2022-12-26,2024-12-25,Tidak Aktif,2022,2026-05-17T15:02:44+07:00
KJS678bf001,PKS,TU Delft,PT_LN,Penelitian,TP,2023-11-25,2025-11-24,Tidak Aktif,2023,2026-05-17T15:02:44+07:00
KJS72a18b0c,MoU,PT PLN,PT_LN,Semua,TK,2023-05-01,2026-04-30,Tidak Aktif,2023,2026-05-17T15:02:44+07:00
KJSbb4e6e71,PKS,UNDP Indonesia,Pemerintah,Penelitian,,2025-10-05,2030-10-04,Aktif,2025,2026-05-17T15:02:44+07:00
KJS8d936f3b,PKS,Osaka University,Litbang,Penelitian,FT,2023-10-02,2024-10-01,Tidak Aktif,2023,2026-05-17T15:02:44+07:00
KJSee21f128,PKS,BRIN,Industri,MBKM,TLK,2019-09-13,2021-09-12,Tidak Aktif,2019,2026-05-17T15:02:44+07:00
KJSa570c12d,MoU,TU Delft,PT_LN,MBKM,TL,2020-01-04,2023-01-03,Tidak Aktif,2020,2026-05-17T15:02:44+07:00
KJS79d1fef6,MoU,PT Bukit Asam,Pemerintah,MBKM,FT,2021-08-08,2022-08-08,Tidak Aktif,2021,2026-05-17T15:02:44+07:00
KJS28f8ec8d,MoU,Unsri,Litbang,Penelitian,,2025-04-25,2026-04-25,Tidak Aktif,2025,2026-05-17T15:02:44+07:00
KJSb5177232,PKS,ITB,PT_LN,Pendidikan,IF,2022-10-06,2023-10-06,Tidak Aktif,2022,2026-05-17T15:02:44+07:00
KJS0fbea4f6,PKS,BRIN,PT_DN,Penelitian,TL,2020-04-02,2022-04-02,Tidak Aktif,2020,2026-05-17T15:02:44+07:00
KJS949d0152,PKS,Google Indonesia,Litbang,PkM,MB,2019-01-16,2021-01-15,Tidak Aktif,2019,2026-05-17T15:02:44+07:00
KJS0c735555,MoU,PT Pertamina,Litbang,Semua,PWK,2023-06-24,2026-06-23,Aktif,2023,2026-05-17T15:02:44+07:00
KJSb90500ae,PKS,Kyushu University,Industri,Penelitian,SK,2023-05-16,2028-05-14,Aktif,2023,2026-05-17T15:02:44+07:00
KJS8e6d5cf8,PKS,Universitas Indonesia,Industri,Semua,TM,2022-10-13,2027-10-12,Aktif,2022,2026-05-17T15:02:44+07:00
KJS56a1c8d9,PKS,World Bank Jakarta,PT_DN,Penelitian,SI,2024-05-26,2029-05-25,Aktif,2024,2026-05-17T15:02:44+07:00
KJSe363b485,PKS,PT Bukit Asam,PT_DN,Semua,IF,2020-06-23,2025-06-22,Tidak Aktif,2020,2026-05-17T15:02:44+07:00
KJS1f970377,PKS,BRIN,Industri,Pendidikan,GD,2021-12-15,2023-12-15,Tidak Aktif,2021,2026-05-17T15:02:44+07:00
KJS71be9be9,PKS,IPB University,Pemerintah,MBKM,TLK,2019-03-07,2024-03-05,Tidak Aktif,2019,2026-05-17T15:02:44+07:00
KJS1804144c,MoU,Unsri,Litbang,MBKM,TG,2020-01-13,2021-01-12,Tidak Aktif,2020,2026-05-17T15:02:44+07:00
KJSa8ddc15a,PKS,NUS Singapore,Pemerintah,PkM,TL,2024-10-17,2029-10-16,Aktif,2024,2026-05-17T15:02:44+07:00
KJSc41c063b,MoU,UNDP Indonesia,PT_LN,Semua,TP,2021-12-06,2024-12-05,Tidak Aktif,2021,2026-05-17T15:02:44+07:00
KJS76e50d6a,MoU,Google Indonesia,Industri,Pendidikan,GD,2019-06-06,2020-06-05,Tidak Aktif,2019,2026-05-17T15:02:44+07:00
