dosen_id,nama,prodi_id,jurusan_id,jenis_kelamin,status_asn,pendidikan_terakhir,jabatan_fungsional,sedang_tugas_belajar,sertifikat_dosen,berasal_praktisi,tahun_bergabung,ingested_at
0843899000,Umar Ramadhani,MTK,JMB,P,PNS,S3,Asisten Ahli,False,True,False,2025,2026-05-17T15:02:44+07:00
0283841001,Dewi Hidayat,GL,JTI,L,Non-ASN,S2,Lektor,False,False,False,2025,2026-05-17T15:02:44+07:00
0290415002,Maulana Anggraini,GD,JTI,L,PNS,S3,Lektor Kepala,False,False,False,2018,2026-05-17T15:02:44+07:00
0748357003,Citra Wibowo,TM,JTP,P,Non-ASN,S2,Tenaga Pengajar,True,True,True,2014,2026-05-17T15:02:44+07:00
0391276004,Rizki Saputra,FT,JSA,P,Non-ASN,S2,Tenaga Pengajar,False,False,False,2022,2026-05-17T15:02:44+07:00
0538106005,Joni Surya,TLK,JTI,L,Non-ASN,S2,Asisten Ahli,False,True,False,2025,2026-05-17T15:02:44+07:00
0674891006,Ilham Wibowo,TG,JTI,L,PNS,S2,Guru Besar,False,False,False,2024,2026-05-17T15:02:44+07:00
0540472007,Luna Kusuma,MTK,JMB,P,PPPK,S3,Lektor,False,False,False,2016,2026-05-17T15:02:44+07:00
0741154008,Joko Fauzi,TM,JTP,L,Non-ASN,S3,Lektor,False,True,False,2015,2026-05-17T15:02:44+07:00
0455785009,Rina Purnama,TI,JTK,P,Non-ASN,S2,Asisten Ahli,False,False,False,2024,2026-05-17T15:02:44+07:00
0641086010,Bella Putra,PWK,JTI,L,PNS,S2,Lektor,False,True,True,2021,2026-05-17T15:02:44+07:00
0650028011,Ilham Gunawan,TP,JTP,L,PPPK,S3,Tenaga Pengajar,False,True,False,2014,2026-05-17T15:02:44+07:00
0881660012,Eka Permana,TS,JTI,L,Non-ASN,S2,Asisten Ahli,False,False,False,2018,2026-05-17T15:02:44+07:00
0199407013,Qori Maharani,FT,JSA,L,Non-ASN,S3,Tenaga Pengajar,False,False,False,2021,2026-05-17T15:02:44+07:00
0736311014,Hana Saputra,GD,JTI,P,Non-ASN,S3,Tenaga Pengajar,False,True,False,2019,2026-05-17T15:02:44+07:00
0811531015,Lia Ramadhan,TLK,JTI,P,Non-ASN,S2,Lektor,False,False,False,2022,2026-05-17T15:02:44+07:00
0854318016,Sinta Purnama,TS,JTI,P,Non-ASN,S2,Guru Besar,False,True,True,2020,2026-05-17T15:02:44+07:00
0572793017,Yani Damayanti,IF,JTK,P,PPPK,S2,Lektor Kepala,False,True,False,2022,2026-05-17T15:02:44+07:00
0977618018,Fitri Ramadhani,KIM,JSA,P,PNS,S2,Guru Besar,False,True,False,2024,2026-05-17T15:02:44+07:00
0178756019,Hana Wibowo,FT,JSA,L,PPPK,S3,Lektor,False,True,False,2021,2026-05-17T15:02:44+07:00
0890507020,Zaki Utami,TE,JTK,P,PNS,S2,Asisten Ahli,False,False,False,2023,2026-05-17T15:02:44+07:00
0977209021,Fitri Purnama,TM,JTP,P,PNS,S2,Tenaga Pengajar,False,True,False,2021,2026-05-17T15:02:44+07:00
0240448022,Zaki Mahendra,SI,JTK,P,PPPK,S2,Lektor Kepala,False,True,True,2016,2026-05-17T15:02:44+07:00
0886295023,Fandi Susanti,FIS,JSA,L,PPPK,S3,Lektor,False,False,True,2015,2026-05-17T15:02:44+07:00
0686659024,Fandi Anggraini,TL,JTK,P,PNS,S2,Asisten Ahli,False,True,True,2022,2026-05-17T15:02:44+07:00
0761133025,Irma Suherman,BIO,JSA,L,Non-ASN,S2,Lektor,False,True,False,2017,2026-05-17T15:02:44+07:00
0557463026,Wahyu Pratama,GD,JTI,L,PNS,S3,Tenaga Pengajar,False,False,True,2024,2026-05-17T15:02:44+07:00
0870232027,Vina Kusuma,TL,JTK,L,PNS,S2,Asisten Ahli,True,False,False,2024,2026-05-17T15:02:44+07:00
0404161028,Hadi Laksono,TK,JTP,L,Non-ASN,S2,Guru Besar,False,True,False,2021,2026-05-17T15:02:44+07:00
0502216029,Indra Setiawan,TS,JTI,P,Non-ASN,S2,Guru Besar,False,True,True,2016,2026-05-17T15:02:44+07:00
0498823030,Wati Purnama,TS,JTI,L,PNS,S3,Asisten Ahli,False,False,False,2021,2026-05-17T15:02:44+07:00
0653527031,Mira Wibowo,GD,JTI,L,PNS,S3,Tenaga Pengajar,False,False,False,2020,2026-05-17T15:02:44+07:00
0501263032,Taufik Wulandari,PWK,JTI,L,PNS,S2,Tenaga Pengajar,False,False,False,2018,2026-05-17T15:02:44+07:00
0970758033,Lia Wijaya,MTK,JMB,P,PNS,S2,Guru Besar,False,True,True,2022,2026-05-17T15:02:44+07:00
0666800034,Fitri Wijaya,BIO,JSA,P,PPPK,S3,Lektor,False,False,False,2022,2026-05-17T15:02:44+07:00
0455276035,Fitri Aditya,GL,JTI,P,Non-ASN,S3,Lektor Kepala,False,True,False,2015,2026-05-17T15:02:44+07:00
0466171036,Tina Prasetyo,MB,JMB,P,PPPK,S2,Lektor Kepala,True,False,False,2022,2026-05-17T15:02:44+07:00
0870298037,Maulana Damayanti,TG,JTI,P,PNS,S2,Lektor Kepala,False,True,False,2017,2026-05-17T15:02:44+07:00
0724811038,Indra Ramadhani,SI,JTK,P,PNS,S3,Tenaga Pengajar,False,False,False,2025,2026-05-17T15:02:44+07:00
0216905039,Vina Pratama,TI,JTK,P,PNS,S3,Lektor,False,True,False,2022,2026-05-17T15:02:44+07:00
0824983040,Rina Wulandari,TLK,JTI,L,PPPK,S2,Asisten Ahli,False,True,False,2022,2026-05-17T15:02:44+07:00
0600191041,Gilang Anggraini,FT,JSA,L,Non-ASN,S3,Asisten Ahli,False,False,False,2018,2026-05-17T15:02:44+07:00
0282759042,Maulana Laksono,MTK,JMB,P,PNS,S2,Lektor Kepala,False,False,False,2022,2026-05-17T15:02:44+07:00
0356527043,Ulfa Pratama,MTK,JMB,L,Non-ASN,S2,Lektor Kepala,False,True,False,2014,2026-05-17T15:02:44+07:00
0485717044,Dinda Wijaya,TM,JTP,L,Non-ASN,S3,Tenaga Pengajar,False,False,False,2023,2026-05-17T15:02:44+07:00
0275572045,Luna Fitriani,GD,JTI,L,Non-ASN,S3,Asisten Ahli,False,True,False,2018,2026-05-17T15:02:44+07:00
0926738046,Hendra Damayanti,TK,JTP,L,PNS,S2,Asisten Ahli,False,True,False,2015,2026-05-17T15:02:44+07:00
0260673047,Novi Nugroho,KIM,JSA,L,PNS,S2,Lektor,False,True,False,2020,2026-05-17T15:02:44+07:00
0872403048,Maulana Aditya,TS,JTI,L,Non-ASN,S2,Guru Besar,False,False,False,2017,2026-05-17T15:02:44+07:00
0763840049,Bayu Prasetyo,TI,JTK,P,Non-ASN,S2,Asisten Ahli,False,False,False,2021,2026-05-17T15:02:44+07:00
0329951050,Nadia Wijaya,TE,JTK,P,PNS,S2,Asisten Ahli,False,True,False,2015,2026-05-17T15:02:44+07:00
0681227051,Hana Damayanti,TG,JTI,P,Non-ASN,S2,Lektor,False,True,True,2018,2026-05-17T15:02:44+07:00
0745422052,Qori Anggraini,TE,JTK,P,PPPK,S2,Asisten Ahli,True,True,False,2025,2026-05-17T15:02:44+07:00
0418293053,Maulana Fitriani,AR,JTI,P,PNS,S2,Lektor,False,True,False,2014,2026-05-17T15:02:44+07:00
0852677054,Joni Wibowo,FIS,JSA,P,PNS,S2,Lektor,False,True,True,2024,2026-05-17T15:02:44+07:00
0309279055,Omar Susanti,PWK,JTI,P,PNS,S2,Lektor,False,True,False,2018,2026-05-17T15:02:44+07:00
0185174056,Prima Firmansyah,TM,JTP,L,PNS,S2,Lektor,False,True,False,2020,2026-05-17T15:02:44+07:00
0510075057,Ulfa Surya,AR,JTI,P,PNS,S2,Asisten Ahli,True,True,False,2014,2026-05-17T15:02:44+07:00
0315635058,Zaki Suryadi,TG,JTI,P,PNS,S2,Lektor Kepala,False,True,False,2021,2026-05-17T15:02:44+07:00
0543779059,Rina Putra,AR,JTI,L,Non-ASN,S2,Guru Besar,False,True,False,2017,2026-05-17T15:02:44+07:00
0431352060,Eka Ramadhan,AG,JTP,L,PNS,S3,Tenaga Pengajar,False,True,False,2019,2026-05-17T15:02:44+07:00
0484387061,Irma Wulandari,AG,JTP,P,PNS,S2,Tenaga Pengajar,False,True,False,2024,2026-05-17T15:02:44+07:00
0718114062,Wahyu Gunawan,MB,JMB,L,Non-ASN,S2,Lektor,False,False,False,2015,2026-05-17T15:02:44+07:00
0284136063,Kartika Wibowo,TK,JTP,P,Non-ASN,S3,Guru Besar,False,True,False,2021,2026-05-17T15:02:44+07:00
0363224064,Dinda Handayani,KIM,JSA,P,PPPK,S2,Tenaga Pengajar,False,True,False,2015,2026-05-17T15:02:44+07:00
0489290065,Hendra Fitriani,AG,JTP,P,Non-ASN,S3,Tenaga Pengajar,False,False,False,2017,2026-05-17T15:02:44+07:00
0817855066,Joko Pratama,TM,JTP,L,PNS,S2,Guru Besar,False,False,False,2020,2026-05-17T15:02:44+07:00
0464666067,Jihan Wulandari,TLK,JTI,L,Non-ASN,S3,Guru Besar,False,False,False,2024,2026-05-17T15:02:44+07:00
0655290068,Lia Ramadhani,GD,JTI,P,Non-ASN,S2,Guru Besar,False,False,False,2019,2026-05-17T15:02:44+07:00
0892295069,Yani Ramadhani,PWK,JTI,P,Non-ASN,S3,Tenaga Pengajar,False,True,False,2025,2026-05-17T15:02:44+07:00
0958454070,Hadi Mahendra,AR,JTI,L,PNS,S2,Lektor Kepala,False,False,False,2021,2026-05-17T15:02:44+07:00
0477331071,Hana Santoso,TI,JTK,L,Non-ASN,S2,Lektor Kepala,False,True,False,2022,2026-05-17T15:02:44+07:00
0823975072,Wati Ramadhani,IF,JTK,P,PNS,S2,Lektor,False,False,False,2023,2026-05-17T15:02:44+07:00
0566731073,Bella Purnama,TI,JTK,L,PNS,S3,Tenaga Pengajar,False,True,False,2025,2026-05-17T15:02:44+07:00
0763053074,Joni Gunawan,TM,JTP,P,Non-ASN,S2,Asisten Ahli,False,True,False,2015,2026-05-17T15:02:44+07:00
0151811075,Citra Anggraini,TLK,JTI,L,Non-ASN,S3,Lektor Kepala,False,True,False,2019,2026-05-17T15:02:44+07:00
0967432076,Ilham Laksono,MTK,JMB,P,Non-ASN,S2,Lektor Kepala,True,False,False,2019,2026-05-17T15:02:44+07:00
0319834077,Dian Santoso,PWK,JTI,P,PNS,S2,Asisten Ahli,False,True,True,2017,2026-05-17T15:02:44+07:00
0745110078,Galih Permana,FIS,JSA,L,PPPK,S2,Tenaga Pengajar,False,True,False,2025,2026-05-17T15:02:44+07:00
0376716079,Hendra Kusuma,GL,JTI,L,PNS,S2,Guru Besar,False,True,False,2018,2026-05-17T15:02:44+07:00
0603893080,Zaki Fauzi,FIS,JSA,P,Non-ASN,S3,Asisten Ahli,False,False,False,2020,2026-05-17T15:02:44+07:00
0772118081,Andi Fauzi,IF,JTK,P,PNS,S2,Guru Besar,False,False,False,2024,2026-05-17T15:02:44+07:00
0549356082,Tina Putra,BIO,JSA,L,Non-ASN,S2,Asisten Ahli,False,True,False,2014,2026-05-17T15:02:44+07:00
0554056083,Ulfa Wijaya,FT,JSA,L,PPPK,S3,Tenaga Pengajar,False,True,False,2025,2026-05-17T15:02:44+07:00
0953179084,Maulana Maharani,TK,JTP,L,Non-ASN,S2,Tenaga Pengajar,False,True,False,2020,2026-05-17T15:02:44+07:00
0889331085,Hana Ramadhani,TG,JTI,L,PNS,S2,Lektor Kepala,False,True,False,2021,2026-05-17T15:02:44+07:00
0227751086,Indra Fauzi,TK,JTP,L,PNS,S3,Lektor,False,False,False,2024,2026-05-17T15:02:44+07:00
0756427087,Maulana Aditya,GD,JTI,P,PNS,S2,Lektor,False,True,False,2019,2026-05-17T15:02:44+07:00
0851469088,Kartika Utami,AG,JTP,L,Non-ASN,S3,Lektor Kepala,False,True,False,2015,2026-05-17T15:02:44+07:00
0277299089,Fandi Suherman,TI,JTK,L,PNS,S2,Asisten Ahli,False,True,False,2015,2026-05-17T15:02:44+07:00
0398086090,Sinta Kusuma,TS,JTI,L,PPPK,S2,Lektor,True,False,False,2020,2026-05-17T15:02:44+07:00
0568855091,Indra Laksono,TM,JTP,P,Non-ASN,S3,Guru Besar,False,True,False,2024,2026-05-17T15:02:44+07:00
0328050092,Omar Prasetyo,GD,JTI,L,PNS,S3,Guru Besar,False,True,False,2015,2026-05-17T15:02:44+07:00
0270893093,Bayu Gunawan,TI,JTK,L,Non-ASN,S2,Guru Besar,False,True,False,2022,2026-05-17T15:02:44+07:00
0590752094,Fitri Purnama,GD,JTI,P,PPPK,S3,Lektor,False,False,False,2025,2026-05-17T15:02:44+07:00
0496065095,Sinta Fauzi,SI,JTK,L,PPPK,S2,Lektor Kepala,False,True,False,2017,2026-05-17T15:02:44+07:00
0647798096,Budi Hidayat,MTK,JMB,L,Non-ASN,S2,Guru Besar,False,True,False,2015,2026-05-17T15:02:44+07:00
0483997097,Lia Anggraini,TL,JTK,L,PPPK,S2,Guru Besar,False,False,False,2014,2026-05-17T15:02:44+07:00
0615370098,Okta Kusuma,TM,JTP,L,Non-ASN,S2,Asisten Ahli,False,True,False,2023,2026-05-17T15:02:44+07:00
0303797099,Jihan Wibowo,GD,JTI,L,Non-ASN,S2,Lektor,False,False,False,2023,2026-05-17T15:02:44+07:00
0724893100,Hana Surya,AG,JTP,P,PPPK,S3,Lektor Kepala,False,False,False,2020,2026-05-17T15:02:44+07:00
0839739101,Prima Putra,TLK,JTI,P,PPPK,S3,Lektor,False,True,False,2024,2026-05-17T15:02:44+07:00
0615685102,Budi Nugroho,TS,JTI,P,PNS,S2,Asisten Ahli,False,True,False,2016,2026-05-17T15:02:44+07:00
0990753103,Ulfa Laksono,TK,JTP,L,PNS,S3,Lektor,False,False,False,2023,2026-05-17T15:02:44+07:00
0195030104,Taufik Utami,TS,JTI,P,PPPK,S2,Asisten Ahli,False,True,False,2015,2026-05-17T15:02:44+07:00
0344033105,Indra Suryadi,SI,JTK,L,Non-ASN,S2,Lektor,False,False,False,2025,2026-05-17T15:02:44+07:00
0910336106,Dewi Gunawan,GL,JTI,L,PPPK,S2,Asisten Ahli,False,True,True,2018,2026-05-17T15:02:44+07:00
0505015107,Elsa Purnama,IF,JTK,P,Non-ASN,S2,Tenaga Pengajar,False,True,False,2018,2026-05-17T15:02:44+07:00
0799515108,Dewi Aditya,TP,JTP,P,PNS,S2,Lektor Kepala,False,True,True,2016,2026-05-17T15:02:44+07:00
0749047109,Gilang Permana,TE,JTK,L,PPPK,S2,Guru Besar,False,False,False,2021,2026-05-17T15:02:44+07:00
0170963110,Fandi Kusuma,TP,JTP,L,Non-ASN,S2,Guru Besar,False,True,False,2021,2026-05-17T15:02:44+07:00
0633874111,Okta Prasetyo,AR,JTI,P,PNS,S2,Asisten Ahli,False,True,False,2025,2026-05-17T15:02:44+07:00
0857220112,Fitri Purnama,AR,JTI,L,PNS,S3,Guru Besar,False,True,False,2014,2026-05-17T15:02:44+07:00
0268106113,Sinta Firmansyah,SI,JTK,L,PNS,S3,Lektor,False,True,False,2023,2026-05-17T15:02:44+07:00
0277410114,Omar Fitriani,IF,JTK,L,PNS,S2,Tenaga Pengajar,False,True,False,2024,2026-05-17T15:02:44+07:00
0853327115,Ulfa Suryadi,AG,JTP,L,PPPK,S2,Tenaga Pengajar,False,True,False,2016,2026-05-17T15:02:44+07:00
0465218116,Indra Suryadi,TE,JTK,P,PPPK,S2,Guru Besar,False,True,False,2014,2026-05-17T15:02:44+07:00
0635064117,Wati Firmansyah,AG,JTP,P,PNS,S3,Guru Besar,True,False,False,2024,2026-05-17T15:02:44+07:00
0215492118,Sari Saputra,TS,JTI,L,PNS,S2,Lektor,False,True,True,2014,2026-05-17T15:02:44+07:00
0147429119,Ilham Ramadhani,AG,JTP,L,PPPK,S3,Guru Besar,False,True,False,2014,2026-05-17T15:02:44+07:00
0944810120,Zahra Fauzi,TG,JTI,L,PPPK,S2,Tenaga Pengajar,False,False,False,2019,2026-05-17T15:02:44+07:00
0954266121,Gita Maharani,KIM,JSA,L,PNS,S2,Asisten Ahli,False,True,False,2024,2026-05-17T15:02:44+07:00
0256928122,Taufik Hidayat,KIM,JSA,P,PPPK,S2,Tenaga Pengajar,False,False,False,2023,2026-05-17T15:02:44+07:00
0915959123,Kevin Gunawan,BIO,JSA,P,PNS,S3,Lektor Kepala,False,False,False,2014,2026-05-17T15:02:44+07:00
0194197124,Elsa Surya,KIM,JSA,P,Non-ASN,S2,Tenaga Pengajar,False,True,True,2015,2026-05-17T15:02:44+07:00
0241868125,Ilham Ramadhan,TE,JTK,P,PPPK,S2,Lektor,False,False,False,2025,2026-05-17T15:02:44+07:00
0344420126,Hendra Ramadhan,TE,JTK,P,PNS,S3,Lektor,False,False,True,2016,2026-05-17T15:02:44+07:00
0112654127,Galih Permana,TLK,JTI,L,PNS,S3,Asisten Ahli,False,False,True,2016,2026-05-17T15:02:44+07:00
0475684128,Irma Susanti,TG,JTI,L,PNS,S3,Lektor,False,True,False,2014,2026-05-17T15:02:44+07:00
0411948129,Omar Suherman,AR,JTI,P,Non-ASN,S2,Lektor,True,False,False,2019,2026-05-17T15:02:44+07:00
0908309130,Rina Ramadhan,IF,JTK,L,PNS,S2,Asisten Ahli,False,True,False,2025,2026-05-17T15:02:44+07:00
0800911131,Zaki Aditya,BIO,JSA,L,PNS,S2,Lektor,False,False,False,2018,2026-05-17T15:02:44+07:00
0647868132,Fitri Wibowo,SI,JTK,L,PPPK,S3,Asisten Ahli,False,True,False,2015,2026-05-17T15:02:44+07:00
0998083133,Jihan Fauzi,BIO,JSA,P,Non-ASN,S2,Guru Besar,False,True,False,2020,2026-05-17T15:02:44+07:00
0776237134,Fandi Firmansyah,SI,JTK,P,Non-ASN,S3,Asisten Ahli,False,True,False,2019,2026-05-17T15:02:44+07:00
0811501135,Gilang Ramadhan,TK,JTP,P,Non-ASN,S3,Asisten Ahli,False,False,False,2020,2026-05-17T15:02:44+07:00
0446343136,Hendra Utami,IF,JTK,P,PNS,S2,Asisten Ahli,False,True,False,2024,2026-05-17T15:02:44+07:00
0694247137,Cahya Prasetyo,AR,JTI,P,Non-ASN,S2,Asisten Ahli,False,True,False,2020,2026-05-17T15:02:44+07:00
0249824138,Putri Susanti,GL,JTI,L,Non-ASN,S3,Lektor,False,True,False,2022,2026-05-17T15:02:44+07:00
0654462139,Novi Handayani,SI,JTK,P,PNS,S3,Asisten Ahli,False,True,True,2017,2026-05-17T15:02:44+07:00
0746444140,Rizki Mahendra,SK,JSA,L,Non-ASN,S2,Guru Besar,False,True,False,2021,2026-05-17T15:02:44+07:00
0190901141,Dinda Mahendra,TS,JTI,P,PNS,S3,Lektor,False,False,False,2021,2026-05-17T15:02:44+07:00
0860564142,Putri Mahendra,TL,JTK,P,PNS,S2,Lektor Kepala,False,False,False,2022,2026-05-17T15:02:44+07:00
0336173143,Gilang Suryadi,TM,JTP,L,PPPK,S3,Lektor Kepala,True,False,False,2023,2026-05-17T15:02:44+07:00
0777889144,Taufik Laksono,GD,JTI,L,PNS,S3,Lektor Kepala,False,True,False,2018,2026-05-17T15:02:44+07:00
0958339145,Fitri Suherman,TM,JTP,L,PPPK,S2,Guru Besar,False,True,False,2022,2026-05-17T15:02:44+07:00
0762844146,Lia Fitriani,PWK,JTI,L,PPPK,S2,Lektor Kepala,False,False,False,2015,2026-05-17T15:02:44+07:00
0301765147,Yani Ramadhani,TI,JTK,P,PPPK,S2,Lektor,False,False,False,2017,2026-05-17T15:02:44+07:00
0922288148,Budi Hidayat,TG,JTI,P,PNS,S2,Guru Besar,False,True,True,2025,2026-05-17T15:02:44+07:00
0765773149,Elsa Wulandari,KIM,JSA,P,PPPK,S3,Tenaga Pengajar,False,False,True,2023,2026-05-17T15:02:44+07:00
0638825150,Omar Utami,SI,JTK,P,PPPK,S2,Lektor Kepala,False,False,False,2025,2026-05-17T15:02:44+07:00
0910072151,Ilham Hakim,TM,JTP,P,PPPK,S2,Guru Besar,False,True,False,2022,2026-05-17T15:02:44+07:00
0974410152,Ulfa Suryadi,FIS,JSA,L,PPPK,S2,Tenaga Pengajar,False,False,False,2023,2026-05-17T15:02:44+07:00
0127299153,Prima Handayani,AG,JTP,L,Non-ASN,S2,Asisten Ahli,False,True,True,2022,2026-05-17T15:02:44+07:00
0190178154,Dian Fitriani,TP,JTP,P,Non-ASN,S3,Tenaga Pengajar,False,False,False,2024,2026-05-17T15:02:44+07:00
0616876155,Omar Suherman,PWK,JTI,P,Non-ASN,S2,Guru Besar,False,False,False,2017,2026-05-17T15:02:44+07:00
0340829156,Maulana Aditya,TM,JTP,P,Non-ASN,S2,Asisten Ahli,False,True,False,2015,2026-05-17T15:02:44+07:00
0179170157,Kevin Prasetyo,AG,JTP,L,Non-ASN,S2,Guru Besar,False,True,False,2015,2026-05-17T15:02:44+07:00
0899375158,Luna Prasetyo,KIM,JSA,L,Non-ASN,S2,Lektor Kepala,False,False,False,2016,2026-05-17T15:02:44+07:00
0461098159,Vina Fauzi,TI,JTK,P,Non-ASN,S2,Tenaga Pengajar,False,True,False,2015,2026-05-17T15:02:44+07:00
0991750160,Zaki Mahendra,TM,JTP,P,Non-ASN,S2,Lektor Kepala,False,True,False,2020,2026-05-17T15:02:44+07:00
0179170161,Vina Safitri,MTK,JMB,L,PPPK,S2,Tenaga Pengajar,False,False,False,2015,2026-05-17T15:02:44+07:00
0186338162,Rizki Maharani,BIO,JSA,L,PPPK,S2,Lektor Kepala,False,True,False,2014,2026-05-17T15:02:44+07:00
0468044163,Tina Maharani,BIO,JSA,P,PNS,S3,Lektor Kepala,False,True,False,2017,2026-05-17T15:02:44+07:00
0737625164,Sinta Fitriani,AG,JTP,P,PNS,S2,Asisten Ahli,False,False,False,2023,2026-05-17T15:02:44+07:00
0923173165,Bayu Prasetyo,MTK,JMB,P,Non-ASN,S2,Lektor Kepala,False,False,False,2015,2026-05-17T15:02:44+07:00
0122252166,Joni Utami,MTK,JMB,P,Non-ASN,S2,Guru Besar,False,False,False,2015,2026-05-17T15:02:44+07:00
0551742167,Eka Gunawan,TI,JTK,P,PNS,S2,Asisten Ahli,False,True,False,2020,2026-05-17T15:02:44+07:00
0618944168,Hendra Hidayat,TE,JTK,P,Non-ASN,S2,Lektor,False,True,False,2017,2026-05-17T15:02:44+07:00
0932470169,Hadi Anggraini,KIM,JSA,L,PPPK,S2,Lektor Kepala,False,False,False,2019,2026-05-17T15:02:44+07:00
0788267170,Wahyu Utami,TM,JTP,L,Non-ASN,S2,Asisten Ahli,False,True,False,2015,2026-05-17T15:02:44+07:00
0284894171,Fajar Santoso,IF,JTK,L,PNS,S2,Lektor,True,False,False,2020,2026-05-17T15:02:44+07:00
0337894172,Rina Suryadi,BIO,JSA,P,PPPK,S2,Lektor Kepala,False,True,False,2018,2026-05-17T15:02:44+07:00
0254685173,Umar Aditya,KIM,JSA,P,Non-ASN,S2,Lektor,False,True,False,2023,2026-05-17T15:02:44+07:00
0769091174,Cahya Santoso,MB,JMB,P,PNS,S3,Guru Besar,True,False,False,2018,2026-05-17T15:02:44+07:00
0221383175,Mira Safitri,TG,JTI,P,Non-ASN,S2,Lektor,False,True,False,2016,2026-05-17T15:02:44+07:00
0173883176,Ahmad Fauzi,TK,JTP,P,PPPK,S3,Lektor Kepala,False,True,False,2020,2026-05-17T15:02:44+07:00
0543002177,Mira Putra,TI,JTK,P,PNS,S2,Asisten Ahli,False,False,False,2016,2026-05-17T15:02:44+07:00
0691213178,Omar Wibowo,AR,JTI,P,PNS,S3,Lektor,False,True,False,2024,2026-05-17T15:02:44+07:00
0675179179,Kiki Damayanti,TK,JTP,P,PNS,S3,Guru Besar,False,False,False,2019,2026-05-17T15:02:44+07:00
0812801180,Gita Fauzi,TG,JTI,P,Non-ASN,S2,Asisten Ahli,False,False,False,2019,2026-05-17T15:02:44+07:00
0906876181,Rina Gunawan,AR,JTI,P,PNS,S3,Asisten Ahli,False,False,False,2016,2026-05-17T15:02:44+07:00
0295929182,Nisa Maharani,TM,JTP,L,PPPK,S3,Asisten Ahli,False,False,True,2023,2026-05-17T15:02:44+07:00
0456164183,Wahyu Prasetyo,TS,JTI,P,PNS,S2,Guru Besar,False,True,True,2018,2026-05-17T15:02:44+07:00
0788047184,Vina Purnama,TS,JTI,P,PNS,S3,Asisten Ahli,True,False,True,2024,2026-05-17T15:02:44+07:00
0349657185,Okta Handayani,FIS,JSA,P,PNS,S2,Asisten Ahli,True,False,False,2016,2026-05-17T15:02:44+07:00
0291730186,Lestari Gunawan,GD,JTI,L,Non-ASN,S3,Lektor,False,False,True,2021,2026-05-17T15:02:44+07:00
0763288187,Zahra Wulandari,TL,JTK,P,PPPK,S2,Asisten Ahli,False,False,False,2018,2026-05-17T15:02:44+07:00
0153824188,Hadi Gunawan,TK,JTP,P,Non-ASN,S2,Guru Besar,False,True,False,2025,2026-05-17T15:02:44+07:00
0484318189,Umar Firmansyah,FIS,JSA,L,Non-ASN,S2,Lektor Kepala,False,True,False,2015,2026-05-17T15:02:44+07:00
0198384190,Zaki Susanti,FIS,JSA,P,Non-ASN,S3,Guru Besar,False,True,False,2014,2026-05-17T15:02:44+07:00
0897149191,Prima Purnama,TI,JTK,P,PNS,S2,Lektor,False,True,False,2019,2026-05-17T15:02:44+07:00
0161391192,Indra Anggraini,GL,JTI,L,Non-ASN,S2,Lektor Kepala,False,True,False,2023,2026-05-17T15:02:44+07:00
0869596193,Bella Aditya,AR,JTI,P,Non-ASN,S2,Lektor Kepala,False,False,False,2021,2026-05-17T15:02:44+07:00
0342254194,Indra Wulandari,SI,JTK,P,PPPK,S2,Tenaga Pengajar,True,False,False,2021,2026-05-17T15:02:44+07:00
0713071195,Putri Gunawan,MTK,JMB,P,PNS,S2,Guru Besar,False,True,False,2014,2026-05-17T15:02:44+07:00
0164861196,Maulana Ramadhan,TS,JTI,L,PNS,S3,Lektor Kepala,False,True,False,2016,2026-05-17T15:02:44+07:00
0137395197,Vina Putra,TS,JTI,L,PPPK,S3,Tenaga Pengajar,False,True,False,2015,2026-05-17T15:02:44+07:00
0506409198,Okta Surya,GL,JTI,L,PNS,S3,Tenaga Pengajar,False,False,False,2014,2026-05-17T15:02:44+07:00
0179655199,Sinta Fitriani,BIO,JSA,P,Non-ASN,S2,Guru Besar,False,True,False,2025,2026-05-17T15:02:44+07:00
0865721200,Mira Safitri,TK,JTP,L,PNS,S2,Tenaga Pengajar,False,True,False,2022,2026-05-17T15:02:44+07:00
0356081201,Nisa Putra,PWK,JTI,L,PNS,S2,Asisten Ahli,False,False,False,2014,2026-05-17T15:02:44+07:00
0668347202,Nadia Putra,MB,JMB,P,PNS,S2,Lektor,False,False,False,2015,2026-05-17T15:02:44+07:00
0178776203,Irma Wibowo,SK,JSA,P,PNS,S2,Asisten Ahli,False,False,False,2025,2026-05-17T15:02:44+07:00
0331780204,Kiki Ramadhan,BIO,JSA,L,PNS,S2,Guru Besar,False,False,True,2019,2026-05-17T15:02:44+07:00
0533198205,Tina Purnama,FIS,JSA,L,Non-ASN,S3,Guru Besar,False,False,False,2024,2026-05-17T15:02:44+07:00
0358235206,Lestari Safitri,GD,JTI,P,Non-ASN,S3,Tenaga Pengajar,False,True,True,2017,2026-05-17T15:02:44+07:00
0761882207,Citra Mahendra,SK,JSA,L,Non-ASN,S2,Lektor,False,False,False,2018,2026-05-17T15:02:44+07:00
0138379208,Tina Pratama,TS,JTI,L,PNS,S2,Guru Besar,False,True,False,2021,2026-05-17T15:02:44+07:00
0162525209,Citra Putra,TI,JTK,L,PPPK,S2,Lektor,True,False,False,2023,2026-05-17T15:02:44+07:00
0465124210,Zaki Ramadhani,FIS,JSA,P,PNS,S2,Lektor Kepala,False,True,False,2019,2026-05-17T15:02:44+07:00
0426301211,Andi Suherman,TS,JTI,L,Non-ASN,S2,Tenaga Pengajar,False,True,False,2024,2026-05-17T15:02:44+07:00
0667710212,Taufik Hidayat,TK,JTP,L,Non-ASN,S2,Asisten Ahli,False,True,False,2017,2026-05-17T15:02:44+07:00
0168280213,Ahmad Suryadi,AG,JTP,L,PNS,S2,Guru Besar,False,False,False,2019,2026-05-17T15:02:44+07:00
0103431214,Indra Saputra,BIO,JSA,P,Non-ASN,S3,Guru Besar,False,True,False,2025,2026-05-17T15:02:44+07:00
0242457215,Umar Utami,TL,JTK,L,PPPK,S3,Lektor Kepala,False,True,False,2022,2026-05-17T15:02:44+07:00
0409118216,Vina Suryadi,IF,JTK,L,PNS,S2,Lektor Kepala,False,True,False,2019,2026-05-17T15:02:44+07:00
0586814217,Irma Maharani,TL,JTK,L,Non-ASN,S2,Lektor Kepala,False,True,False,2025,2026-05-17T15:02:44+07:00
0943629218,Dinda Gunawan,BIO,JSA,P,Non-ASN,S2,Lektor,False,False,False,2025,2026-05-17T15:02:44+07:00
0188276219,Kevin Santoso,BIO,JSA,L,Non-ASN,S2,Tenaga Pengajar,False,True,False,2025,2026-05-17T15:02:44+07:00
0723078220,Yani Hakim,TP,JTP,P,Non-ASN,S2,Asisten Ahli,False,True,False,2023,2026-05-17T15:02:44+07:00
0328520221,Bella Handayani,TE,JTK,P,PPPK,S2,Lektor,False,True,False,2021,2026-05-17T15:02:44+07:00
0702550222,Kiki Nugroho,SI,JTK,P,PPPK,S2,Lektor,False,True,False,2023,2026-05-17T15:02:44+07:00
0801875223,Fajar Surya,GL,JTI,P,PNS,S2,Guru Besar,False,True,False,2022,2026-05-17T15:02:44+07:00
0499745224,Ilham Saputra,PWK,JTI,P,Non-ASN,S3,Guru Besar,False,True,False,2018,2026-05-17T15:02:44+07:00
0153837225,Citra Handayani,TP,JTP,L,PNS,S2,Asisten Ahli,False,True,True,2021,2026-05-17T15:02:44+07:00
0601465226,Galih Wijaya,MB,JMB,L,PPPK,S2,Lektor Kepala,False,True,False,2017,2026-05-17T15:02:44+07:00
0227074227,Zahra Susanti,MTK,JMB,P,Non-ASN,S3,Lektor,False,False,False,2025,2026-05-17T15:02:44+07:00
0884866228,Ilham Ramadhan,AG,JTP,L,PNS,S2,Lektor Kepala,False,False,True,2023,2026-05-17T15:02:44+07:00
0513472229,Sari Wulandari,TS,JTI,P,PPPK,S3,Lektor,False,False,False,2015,2026-05-17T15:02:44+07:00
0698519230,Umar Aditya,TE,JTK,L,Non-ASN,S2,Lektor Kepala,False,True,False,2014,2026-05-17T15:02:44+07:00
0185705231,Lia Wulandari,TM,JTP,L,Non-ASN,S3,Asisten Ahli,False,True,False,2021,2026-05-17T15:02:44+07:00
0300930232,Budi Safitri,TM,JTP,P,PNS,S2,Tenaga Pengajar,False,True,False,2024,2026-05-17T15:02:44+07:00
0471437233,Cahya Permana,MTK,JMB,P,Non-ASN,S3,Lektor Kepala,False,False,False,2019,2026-05-17T15:02:44+07:00
0412470234,Joni Damayanti,TL,JTK,L,PNS,S3,Tenaga Pengajar,False,True,False,2022,2026-05-17T15:02:44+07:00
0384696235,Okta Kusuma,AR,JTI,P,PNS,S3,Lektor Kepala,False,False,False,2016,2026-05-17T15:02:44+07:00
0659072236,Bella Handayani,TM,JTP,P,PNS,S2,Asisten Ahli,True,False,False,2017,2026-05-17T15:02:44+07:00
0732823237,Okta Suherman,TK,JTP,P,Non-ASN,S2,Asisten Ahli,False,True,False,2015,2026-05-17T15:02:44+07:00
0287043238,Vina Prasetyo,SI,JTK,L,PNS,S3,Lektor,False,True,False,2015,2026-05-17T15:02:44+07:00
0499324239,Hendra Surya,BIO,JSA,L,PNS,S3,Lektor,False,False,True,2024,2026-05-17T15:02:44+07:00
0373254240,Kiki Nugroho,SI,JTK,L,PPPK,S3,Tenaga Pengajar,False,False,False,2023,2026-05-17T15:02:44+07:00
0734520241,Rizki Fauzi,TP,JTP,P,PNS,S3,Guru Besar,False,False,False,2014,2026-05-17T15:02:44+07:00
0349041242,Rizki Wulandari,IF,JTK,P,Non-ASN,S2,Lektor,False,True,False,2023,2026-05-17T15:02:44+07:00
0348410243,Fajar Santoso,TI,JTK,P,Non-ASN,S3,Guru Besar,False,False,False,2025,2026-05-17T15:02:44+07:00
0244766244,Ahmad Handayani,FT,JSA,P,PNS,S3,Lektor,False,False,False,2019,2026-05-17T15:02:44+07:00
0479100245,Rina Damayanti,BIO,JSA,L,PNS,S3,Tenaga Pengajar,False,False,False,2014,2026-05-17T15:02:44+07:00
0849457246,Bayu Permana,MTK,JMB,P,Non-ASN,S2,Tenaga Pengajar,False,True,False,2024,2026-05-17T15:02:44+07:00
0338811247,Lestari Hakim,PWK,JTI,P,Non-ASN,S2,Tenaga Pengajar,False,True,False,2025,2026-05-17T15:02:44+07:00
0708972248,Taufik Wijaya,TK,JTP,L,PNS,S2,Tenaga Pengajar,False,True,False,2025,2026-05-17T15:02:44+07:00
0467849249,Wahyu Handayani,SI,JTK,P,PNS,S3,Asisten Ahli,False,True,False,2016,2026-05-17T15:02:44+07:00
0486253250,Lestari Utami,TK,JTP,P,Non-ASN,S3,Tenaga Pengajar,False,True,False,2019,2026-05-17T15:02:44+07:00
0458198251,Omar Susanti,SI,JTK,P,PNS,S3,Asisten Ahli,False,True,False,2018,2026-05-17T15:02:44+07:00
0235585252,Mira Suryadi,TM,JTP,L,PNS,S2,Asisten Ahli,False,False,True,2022,2026-05-17T15:02:44+07:00
0199268253,Gilang Fitriani,IF,JTK,L,PPPK,S2,Guru Besar,False,True,False,2023,2026-05-17T15:02:44+07:00
0243437254,Hendra Laksono,TS,JTI,P,PNS,S2,Tenaga Pengajar,False,True,False,2016,2026-05-17T15:02:44+07:00
0219470255,Sari Susanti,PWK,JTI,L,Non-ASN,S2,Lektor,False,False,False,2014,2026-05-17T15:02:44+07:00
0880599256,Muhammad Damayanti,SI,JTK,L,Non-ASN,S2,Lektor,False,False,False,2018,2026-05-17T15:02:44+07:00
0273483257,Andi Setiawan,FIS,JSA,L,Non-ASN,S3,Tenaga Pengajar,False,True,False,2019,2026-05-17T15:02:44+07:00
0248222258,Bayu Handayani,PWK,JTI,P,Non-ASN,S3,Guru Besar,False,True,False,2025,2026-05-17T15:02:44+07:00
0862159259,Taufik Handayani,SI,JTK,L,Non-ASN,S3,Lektor,False,True,False,2022,2026-05-17T15:02:44+07:00
0169931260,Fitri Santoso,AG,JTP,P,PPPK,S2,Guru Besar,False,True,False,2025,2026-05-17T15:02:44+07:00
0881074261,Omar Susanti,TLK,JTI,P,Non-ASN,S2,Asisten Ahli,False,False,False,2021,2026-05-17T15:02:44+07:00
0450363262,Taufik Suherman,IF,JTK,L,Non-ASN,S2,Lektor,False,False,False,2019,2026-05-17T15:02:44+07:00
0486748263,Fitri Hidayat,SK,JSA,L,PNS,S3,Lektor Kepala,False,True,False,2024,2026-05-17T15:02:44+07:00
0142576264,Kartika Fitriani,MB,JMB,L,Non-ASN,S2,Guru Besar,False,False,False,2020,2026-05-17T15:02:44+07:00
0196370265,Bayu Utami,IF,JTK,P,Non-ASN,S3,Asisten Ahli,False,False,True,2023,2026-05-17T15:02:44+07:00
0591095266,Maulana Kusuma,TL,JTK,L,PPPK,S2,Guru Besar,False,True,False,2022,2026-05-17T15:02:44+07:00
0196364267,Lestari Utami,TLK,JTI,P,PNS,S3,Asisten Ahli,False,True,False,2021,2026-05-17T15:02:44+07:00
0348663268,Vina Permana,GD,JTI,P,PNS,S3,Guru Besar,False,True,False,2014,2026-05-17T15:02:44+07:00
0721602269,Zahra Fitriani,GD,JTI,L,PNS,S3,Lektor,False,False,False,2022,2026-05-17T15:02:44+07:00
0405157270,Putri Mahendra,SI,JTK,L,PNS,S2,Asisten Ahli,False,False,False,2025,2026-05-17T15:02:44+07:00
0895207271,Kartika Safitri,MB,JMB,L,Non-ASN,S2,Lektor Kepala,False,True,False,2022,2026-05-17T15:02:44+07:00
0766361272,Fitri Kusuma,SK,JSA,L,Non-ASN,S2,Tenaga Pengajar,False,True,False,2020,2026-05-17T15:02:44+07:00
0935551273,Fandi Purnama,KIM,JSA,P,Non-ASN,S2,Lektor Kepala,False,False,False,2020,2026-05-17T15:02:44+07:00
0114254274,Irma Susanti,AR,JTI,P,Non-ASN,S2,Tenaga Pengajar,False,True,False,2020,2026-05-17T15:02:44+07:00
0489847275,Andi Utami,AG,JTP,L,Non-ASN,S2,Asisten Ahli,False,True,False,2020,2026-05-17T15:02:44+07:00
0292624276,Wati Saputra,MB,JMB,P,PNS,S2,Asisten Ahli,False,True,False,2019,2026-05-17T15:02:44+07:00
0811422277,Ahmad Setiawan,GL,JTI,L,PNS,S2,Tenaga Pengajar,False,False,False,2015,2026-05-17T15:02:44+07:00
0825657278,Arif Surya,MB,JMB,L,PNS,S2,Guru Besar,False,False,False,2022,2026-05-17T15:02:44+07:00
0882017279,Ahmad Setiawan,TG,JTI,L,PNS,S3,Tenaga Pengajar,False,True,False,2019,2026-05-17T15:02:44+07:00
0176704280,Tina Suryadi,SI,JTK,L,PNS,S2,Asisten Ahli,False,True,False,2015,2026-05-17T15:02:44+07:00
0398708281,Muhammad Permana,SK,JSA,L,PPPK,S3,Lektor,False,True,True,2024,2026-05-17T15:02:44+07:00
0495925282,Nadia Wijaya,TI,JTK,P,PNS,S3,Guru Besar,False,True,False,2023,2026-05-17T15:02:44+07:00
0595041283,Nadia Putra,SK,JSA,P,Non-ASN,S3,Asisten Ahli,True,False,False,2025,2026-05-17T15:02:44+07:00
0366879284,Gita Hidayat,BIO,JSA,P,PNS,S2,Guru Besar,False,False,False,2020,2026-05-17T15:02:44+07:00
0382301285,Ilham Susanti,MTK,JMB,P,PPPK,S2,Asisten Ahli,False,False,False,2018,2026-05-17T15:02:44+07:00
0644613286,Fajar Prasetyo,GD,JTI,L,Non-ASN,S2,Lektor Kepala,False,False,False,2023,2026-05-17T15:02:44+07:00
0453256287,Putri Damayanti,IF,JTK,L,Non-ASN,S3,Guru Besar,False,True,False,2015,2026-05-17T15:02:44+07:00
0199964288,Wati Purnama,TLK,JTI,L,Non-ASN,S2,Tenaga Pengajar,False,False,True,2017,2026-05-17T15:02:44+07:00
0485098289,Wati Wijaya,TI,JTK,L,Non-ASN,S2,Guru Besar,False,False,False,2020,2026-05-17T15:02:44+07:00
0998600290,Vina Ramadhan,FIS,JSA,L,Non-ASN,S3,Guru Besar,False,True,False,2016,2026-05-17T15:02:44+07:00
0630059291,Arif Permana,AG,JTP,P,Non-ASN,S2,Tenaga Pengajar,False,False,False,2022,2026-05-17T15:02:44+07:00
0344720292,Qori Hakim,TLK,JTI,L,PPPK,S3,Guru Besar,False,True,False,2016,2026-05-17T15:02:44+07:00
0863617293,Zaki Handayani,TLK,JTI,P,PPPK,S2,Guru Besar,False,False,False,2022,2026-05-17T15:02:44+07:00
0119022294,Rizki Hakim,TLK,JTI,P,PPPK,S2,Asisten Ahli,False,True,False,2016,2026-05-17T15:02:44+07:00
0292245295,Kevin Hakim,TG,JTI,L,Non-ASN,S2,Tenaga Pengajar,False,False,False,2022,2026-05-17T15:02:44+07:00
0980246296,Dewi Wibowo,AG,JTP,P,Non-ASN,S2,Guru Besar,False,True,False,2025,2026-05-17T15:02:44+07:00
0745472297,Dewi Handayani,BIO,JSA,P,Non-ASN,S2,Lektor Kepala,False,True,False,2021,2026-05-17T15:02:44+07:00
0849070298,Indra Wijaya,TP,JTP,P,Non-ASN,S2,Asisten Ahli,False,True,False,2024,2026-05-17T15:02:44+07:00
0837129299,Zaki Firmansyah,IF,JTK,P,PNS,S2,Guru Besar,False,False,False,2023,2026-05-17T15:02:44+07:00
0898583300,Taufik Putra,BIO,JSA,L,PNS,S2,Lektor,False,True,False,2016,2026-05-17T15:02:44+07:00
0523112301,Mira Wijaya,TM,JTP,L,PPPK,S2,Lektor,False,True,False,2017,2026-05-17T15:02:44+07:00
0323980302,Gita Fitriani,KIM,JSA,L,PNS,S2,Lektor,False,False,False,2021,2026-05-17T15:02:44+07:00
0476724303,Rina Wulandari,TI,JTK,L,Non-ASN,S3,Guru Besar,False,True,False,2024,2026-05-17T15:02:44+07:00
0214952304,Indra Safitri,AR,JTI,P,PNS,S3,Lektor,False,False,False,2022,2026-05-17T15:02:44+07:00
0971551305,Kartika Wijaya,IF,JTK,L,Non-ASN,S3,Guru Besar,False,True,False,2017,2026-05-17T15:02:44+07:00
0693289306,Jihan Laksono,AR,JTI,L,Non-ASN,S3,Lektor Kepala,False,True,False,2025,2026-05-17T15:02:44+07:00
0226125307,Lestari Laksono,TLK,JTI,P,Non-ASN,S2,Tenaga Pengajar,False,False,False,2015,2026-05-17T15:02:44+07:00
0786875308,Zahra Nugroho,TE,JTK,P,PNS,S3,Lektor,False,False,False,2020,2026-05-17T15:02:44+07:00
0593000309,Arif Purnama,AG,JTP,P,Non-ASN,S3,Lektor Kepala,False,False,False,2020,2026-05-17T15:02:44+07:00
0276254310,Fandi Handayani,PWK,JTI,L,PNS,S3,Guru Besar,False,False,True,2022,2026-05-17T15:02:44+07:00
0555135311,Indra Setiawan,PWK,JTI,P,PPPK,S2,Lektor,False,True,False,2021,2026-05-17T15:02:44+07:00
0156675312,Putri Aditya,BIO,JSA,P,PNS,S2,Lektor Kepala,False,True,True,2022,2026-05-17T15:02:44+07:00
0460879313,Bella Damayanti,MTK,JMB,L,PPPK,S2,Lektor Kepala,False,True,False,2014,2026-05-17T15:02:44+07:00
0384702314,Sinta Handayani,FT,JSA,L,PNS,S3,Asisten Ahli,False,True,True,2018,2026-05-17T15:02:44+07:00
0368798315,Qori Santoso,TI,JTK,L,Non-ASN,S3,Tenaga Pengajar,False,False,False,2024,2026-05-17T15:02:44+07:00
0864209316,Dewi Purnama,AG,JTP,L,Non-ASN,S2,Guru Besar,False,False,False,2015,2026-05-17T15:02:44+07:00
0825621317,Hendra Nugroho,KIM,JSA,L,Non-ASN,S2,Guru Besar,False,False,False,2024,2026-05-17T15:02:44+07:00
0460551318,Fitri Laksono,BIO,JSA,P,PNS,S2,Lektor,False,True,False,2017,2026-05-17T15:02:44+07:00
0328983319,Vina Handayani,TI,JTK,L,PNS,S2,Lektor,False,True,False,2017,2026-05-17T15:02:44+07:00
0705021320,Irma Handayani,MTK,JMB,P,PNS,S2,Lektor Kepala,True,True,False,2017,2026-05-17T15:02:44+07:00
0470712321,Qori Wibowo,FIS,JSA,L,Non-ASN,S2,Lektor,False,False,False,2021,2026-05-17T15:02:44+07:00
0673229322,Vina Fauzi,FIS,JSA,P,Non-ASN,S2,Tenaga Pengajar,False,False,False,2018,2026-05-17T15:02:44+07:00
0126684323,Joni Anggraini,TLK,JTI,L,PNS,S2,Asisten Ahli,False,False,False,2018,2026-05-17T15:02:44+07:00
0242451324,Elsa Wibowo,TLK,JTI,P,PPPK,S2,Lektor Kepala,False,True,True,2019,2026-05-17T15:02:44+07:00
0697596325,Prima Damayanti,TK,JTP,L,PPPK,S2,Lektor Kepala,False,False,False,2023,2026-05-17T15:02:44+07:00
0103203326,Maulana Nugroho,FIS,JSA,P,PNS,S2,Lektor Kepala,True,True,False,2022,2026-05-17T15:02:44+07:00
0776024327,Jihan Setiawan,TG,JTI,L,Non-ASN,S2,Lektor,False,True,True,2017,2026-05-17T15:02:44+07:00
0151833328,Vina Pratama,TI,JTK,P,PPPK,S3,Tenaga Pengajar,False,False,False,2020,2026-05-17T15:02:44+07:00
0388762329,Bella Maharani,TL,JTK,L,PNS,S2,Asisten Ahli,False,False,True,2016,2026-05-17T15:02:44+07:00
0461485330,Rina Santoso,KIM,JSA,L,PPPK,S2,Asisten Ahli,False,True,False,2022,2026-05-17T15:02:44+07:00
0657677331,Omar Surya,FIS,JSA,P,Non-ASN,S2,Tenaga Pengajar,False,True,False,2019,2026-05-17T15:02:44+07:00
0861779332,Okta Setiawan,TM,JTP,P,PNS,S2,Lektor,False,True,False,2014,2026-05-17T15:02:44+07:00
0962566333,Wahyu Anggraini,BIO,JSA,L,PPPK,S2,Lektor Kepala,True,False,False,2021,2026-05-17T15:02:44+07:00
0574391334,Ulfa Susanti,TG,JTI,L,PNS,S2,Asisten Ahli,False,True,False,2021,2026-05-17T15:02:44+07:00
0467822335,Jihan Prasetyo,AR,JTI,P,Non-ASN,S2,Lektor,False,True,False,2014,2026-05-17T15:02:44+07:00
0269107336,Fandi Hakim,TP,JTP,L,PNS,S2,Lektor,False,False,True,2017,2026-05-17T15:02:44+07:00
0655905337,Hana Maharani,KIM,JSA,L,PNS,S2,Asisten Ahli,False,False,False,2024,2026-05-17T15:02:44+07:00
0518137338,Joni Prasetyo,FT,JSA,P,PNS,S3,Asisten Ahli,False,True,False,2021,2026-05-17T15:02:44+07:00
0314432339,Fajar Susanti,FIS,JSA,P,PNS,S3,Asisten Ahli,False,False,True,2015,2026-05-17T15:02:44+07:00
0818816340,Fitri Mahendra,AR,JTI,P,PNS,S2,Lektor Kepala,False,False,False,2024,2026-05-17T15:02:44+07:00
0649226341,Fandi Suherman,TI,JTK,L,PNS,S2,Guru Besar,False,False,False,2023,2026-05-17T15:02:44+07:00
0551853342,Nisa Suherman,TK,JTP,L,Non-ASN,S2,Tenaga Pengajar,False,False,False,2022,2026-05-17T15:02:44+07:00
0187498343,Ulfa Santoso,GL,JTI,L,Non-ASN,S3,Lektor,False,False,False,2014,2026-05-17T15:02:44+07:00
0277478344,Muhammad Suryadi,SI,JTK,P,PNS,S3,Tenaga Pengajar,False,True,False,2015,2026-05-17T15:02:44+07:00
0608682345,Wati Susanti,FT,JSA,P,PNS,S2,Lektor Kepala,False,True,False,2022,2026-05-17T15:02:44+07:00
0467941346,Gita Surya,TE,JTK,L,PNS,S3,Lektor,False,True,False,2024,2026-05-17T15:02:44+07:00
0234143347,Joko Utami,TE,JTK,P,PNS,S3,Lektor Kepala,False,True,True,2018,2026-05-17T15:02:44+07:00
0919519348,Sari Maharani,TP,JTP,L,PPPK,S3,Asisten Ahli,False,True,False,2023,2026-05-17T15:02:44+07:00
0244821349,Cahya Hakim,AG,JTP,P,PNS,S3,Guru Besar,False,False,False,2023,2026-05-17T15:02:44+07:00
0660865350,Novi Mahendra,TL,JTK,P,Non-ASN,S3,Lektor Kepala,False,True,False,2022,2026-05-17T15:02:44+07:00
0949711351,Dinda Pratama,AG,JTP,P,Non-ASN,S2,Lektor Kepala,False,False,False,2014,2026-05-17T15:02:44+07:00
0917117352,Indra Wijaya,IF,JTK,L,PNS,S3,Lektor Kepala,False,True,False,2020,2026-05-17T15:02:44+07:00
0745561353,Dinda Setiawan,TE,JTK,P,Non-ASN,S2,Lektor,True,True,False,2020,2026-05-17T15:02:44+07:00
0117492354,Zahra Hidayat,TI,JTK,L,Non-ASN,S2,Lektor Kepala,False,True,False,2021,2026-05-17T15:02:44+07:00
0894026355,Zahra Mahendra,TK,JTP,P,Non-ASN,S2,Lektor Kepala,False,False,False,2024,2026-05-17T15:02:44+07:00
0757514356,Jihan Suherman,SI,JTK,P,PNS,S2,Asisten Ahli,False,True,True,2022,2026-05-17T15:02:44+07:00
0191139357,Prima Maharani,IF,JTK,P,PPPK,S3,Lektor,True,False,False,2015,2026-05-17T15:02:44+07:00
0277652358,Joko Santoso,FT,JSA,P,PNS,S2,Guru Besar,False,True,False,2019,2026-05-17T15:02:44+07:00
0658264359,Omar Wulandari,AR,JTI,L,PNS,S2,Tenaga Pengajar,False,False,False,2016,2026-05-17T15:02:44+07:00
0525850360,Bayu Pratama,SK,JSA,P,PNS,S2,Guru Besar,False,True,False,2018,2026-05-17T15:02:44+07:00
0454163361,Ahmad Nugroho,GL,JTI,L,Non-ASN,S2,Guru Besar,False,True,False,2023,2026-05-17T15:02:44+07:00
0209345362,Dian Nugroho,TK,JTP,L,Non-ASN,S3,Lektor Kepala,False,False,False,2014,2026-05-17T15:02:44+07:00
0478914363,Lia Nugroho,TM,JTP,L,PNS,S2,Lektor Kepala,False,False,False,2022,2026-05-17T15:02:44+07:00
0639058364,Sari Wibowo,MB,JMB,L,PNS,S2,Guru Besar,False,True,False,2014,2026-05-17T15:02:44+07:00
0177647365,Hendra Putra,PWK,JTI,L,Non-ASN,S2,Asisten Ahli,False,True,False,2021,2026-05-17T15:02:44+07:00
0311323366,Yani Ramadhani,TP,JTP,L,PNS,S3,Lektor,True,True,False,2023,2026-05-17T15:02:44+07:00
0313284367,Luna Pratama,KIM,JSA,P,PPPK,S3,Lektor Kepala,False,True,False,2020,2026-05-17T15:02:44+07:00
0639947368,Dian Permana,TK,JTP,L,PNS,S3,Lektor Kepala,False,True,False,2019,2026-05-17T15:02:44+07:00
0414263369,Lestari Purnama,SI,JTK,P,PNS,S2,Tenaga Pengajar,True,False,True,2025,2026-05-17T15:02:44+07:00
0525588370,Umar Wijaya,TK,JTP,P,PNS,S3,Lektor Kepala,False,True,True,2025,2026-05-17T15:02:44+07:00
0286052371,Taufik Mahendra,TK,JTP,L,PNS,S2,Lektor Kepala,False,True,False,2021,2026-05-17T15:02:44+07:00
0486297372,Bayu Anggraini,TE,JTK,P,Non-ASN,S3,Asisten Ahli,False,True,False,2019,2026-05-17T15:02:44+07:00
0782224373,Nisa Gunawan,MTK,JMB,L,PNS,S2,Lektor,True,False,False,2025,2026-05-17T15:02:44+07:00
0297257374,Wati Gunawan,AR,JTI,P,Non-ASN,S3,Guru Besar,False,False,False,2022,2026-05-17T15:02:44+07:00
0886463375,Omar Susanti,TG,JTI,P,PNS,S3,Tenaga Pengajar,False,True,False,2022,2026-05-17T15:02:44+07:00
0289980376,Nisa Suherman,TL,JTK,L,PNS,S3,Asisten Ahli,False,True,False,2021,2026-05-17T15:02:44+07:00
0907887377,Yani Hakim,FIS,JSA,P,PPPK,S2,Guru Besar,False,False,False,2020,2026-05-17T15:02:44+07:00
0483452378,Novi Utami,PWK,JTI,P,PNS,S2,Asisten Ahli,False,True,True,2015,2026-05-17T15:02:44+07:00
0502099379,Maulana Aditya,GD,JTI,P,PNS,S2,Asisten Ahli,True,True,False,2019,2026-05-17T15:02:44+07:00
0219485380,Bella Aditya,PWK,JTI,P,PPPK,S3,Lektor Kepala,False,False,False,2016,2026-05-17T15:02:44+07:00
0533022381,Qori Utami,TM,JTP,P,PNS,S3,Tenaga Pengajar,False,False,True,2022,2026-05-17T15:02:44+07:00
0485567382,Rina Hidayat,BIO,JSA,L,PNS,S3,Tenaga Pengajar,False,False,False,2017,2026-05-17T15:02:44+07:00
0871010383,Joni Permana,TLK,JTI,P,Non-ASN,S3,Tenaga Pengajar,False,True,False,2022,2026-05-17T15:02:44+07:00
0108592384,Rina Safitri,GD,JTI,L,PNS,S2,Lektor,False,False,False,2025,2026-05-17T15:02:44+07:00
0958506385,Ilham Laksono,MB,JMB,L,PNS,S3,Tenaga Pengajar,True,False,False,2015,2026-05-17T15:02:44+07:00
0454651386,Wahyu Putra,BIO,JSA,L,PNS,S3,Lektor,False,False,False,2014,2026-05-17T15:02:44+07:00
0433409387,Wati Setiawan,TP,JTP,P,PPPK,S3,Lektor,False,True,False,2021,2026-05-17T15:02:44+07:00
0216657388,Ilham Laksono,FT,JSA,L,PPPK,S3,Lektor,False,True,True,2023,2026-05-17T15:02:44+07:00
0462606389,Bella Gunawan,PWK,JTI,L,PNS,S2,Tenaga Pengajar,False,False,False,2019,2026-05-17T15:02:44+07:00
0127063390,Qori Utami,MTK,JMB,L,Non-ASN,S2,Lektor,False,False,True,2014,2026-05-17T15:02:44+07:00
0298021391,Maulana Mahendra,TI,JTK,P,PNS,S2,Tenaga Pengajar,False,True,False,2017,2026-05-17T15:02:44+07:00
0617416392,Omar Damayanti,TP,JTP,L,PNS,S2,Asisten Ahli,True,False,True,2024,2026-05-17T15:02:44+07:00
0594519393,Prima Ramadhan,TM,JTP,L,Non-ASN,S2,Asisten Ahli,False,True,False,2017,2026-05-17T15:02:44+07:00
0884111394,Hadi Wibowo,TK,JTP,L,Non-ASN,S3,Guru Besar,False,False,False,2015,2026-05-17T15:02:44+07:00
0468311395,Cahya Kusuma,SI,JTK,P,Non-ASN,S3,Lektor,False,True,False,2015,2026-05-17T15:02:44+07:00
0432464396,Dian Damayanti,MTK,JMB,P,Non-ASN,S2,Guru Besar,False,False,False,2022,2026-05-17T15:02:44+07:00
0573132397,Nisa Saputra,KIM,JSA,L,PNS,S3,Tenaga Pengajar,False,True,True,2014,2026-05-17T15:02:44+07:00
0626475398,Tina Handayani,IF,JTK,L,PNS,S3,Lektor Kepala,False,False,False,2024,2026-05-17T15:02:44+07:00
0655494399,Maulana Hakim,BIO,JSA,L,Non-ASN,S2,Lektor Kepala,False,True,False,2025,2026-05-17T15:02:44+07:00
0463736400,Galih Hakim,KIM,JSA,L,PPPK,S3,Lektor,False,False,False,2020,2026-05-17T15:02:44+07:00
0733770401,Wahyu Setiawan,TE,JTK,L,PPPK,S2,Guru Besar,False,True,False,2019,2026-05-17T15:02:44+07:00
0662116402,Gita Fauzi,IF,JTK,L,PNS,S2,Lektor,False,True,False,2015,2026-05-17T15:02:44+07:00
0340061403,Umar Fitriani,TS,JTI,L,PNS,S2,Guru Besar,False,False,False,2025,2026-05-17T15:02:44+07:00
0216090404,Fandi Surya,PWK,JTI,P,Non-ASN,S2,Lektor,False,False,False,2015,2026-05-17T15:02:44+07:00
0384978405,Arif Handayani,SK,JSA,L,PNS,S2,Tenaga Pengajar,False,False,False,2021,2026-05-17T15:02:44+07:00
0118862406,Ahmad Kusuma,TG,JTI,L,Non-ASN,S2,Tenaga Pengajar,False,False,False,2019,2026-05-17T15:02:44+07:00
0577126407,Hana Gunawan,TK,JTP,L,PNS,S2,Lektor,True,True,False,2024,2026-05-17T15:02:44+07:00
0783832408,Ilham Purnama,PWK,JTI,L,PPPK,S3,Asisten Ahli,False,True,False,2014,2026-05-17T15:02:44+07:00
0406705409,Novi Suryadi,FIS,JSA,P,PPPK,S2,Lektor,False,True,False,2016,2026-05-17T15:02:44+07:00
0983330410,Kevin Suherman,FT,JSA,L,Non-ASN,S2,Lektor Kepala,False,False,False,2015,2026-05-17T15:02:44+07:00
0205194411,Ahmad Gunawan,BIO,JSA,P,PNS,S2,Lektor Kepala,False,False,False,2021,2026-05-17T15:02:44+07:00
0336679412,Joni Ramadhani,TI,JTK,P,PNS,S3,Lektor Kepala,False,False,False,2019,2026-05-17T15:02:44+07:00
0569145413,Kiki Fitriani,IF,JTK,P,PPPK,S3,Tenaga Pengajar,False,True,True,2019,2026-05-17T15:02:44+07:00
0260512414,Fajar Permana,TL,JTK,L,PNS,S2,Tenaga Pengajar,False,True,False,2019,2026-05-17T15:02:44+07:00
0864666415,Zahra Kusuma,TK,JTP,P,Non-ASN,S3,Lektor,False,False,False,2021,2026-05-17T15:02:44+07:00
0775111416,Sari Permana,TI,JTK,P,PNS,S2,Tenaga Pengajar,False,False,False,2014,2026-05-17T15:02:44+07:00
0407151417,Elsa Safitri,FT,JSA,L,Non-ASN,S2,Lektor,False,True,False,2024,2026-05-17T15:02:44+07:00
0895999418,Gita Aditya,TK,JTP,P,PPPK,S2,Asisten Ahli,False,False,False,2020,2026-05-17T15:02:44+07:00
0216220419,Dewi Wibowo,AG,JTP,L,PNS,S2,Lektor Kepala,False,True,True,2022,2026-05-17T15:02:44+07:00
0639478420,Andi Ramadhan,KIM,JSA,L,PPPK,S3,Guru Besar,False,False,False,2020,2026-05-17T15:02:44+07:00
0100020421,Galih Purnama,TLK,JTI,P,PNS,S2,Lektor Kepala,False,True,False,2022,2026-05-17T15:02:44+07:00
0487818422,Ahmad Setiawan,MB,JMB,L,PNS,S2,Guru Besar,False,True,False,2020,2026-05-17T15:02:44+07:00
0747359423,Cahya Damayanti,TG,JTI,L,Non-ASN,S2,Lektor Kepala,False,False,False,2018,2026-05-17T15:02:44+07:00
0990630424,Rizki Ramadhani,TE,JTK,L,Non-ASN,S2,Tenaga Pengajar,True,True,False,2016,2026-05-17T15:02:44+07:00
0246938425,Vina Setiawan,TE,JTK,P,PNS,S3,Guru Besar,False,True,True,2015,2026-05-17T15:02:44+07:00
0124777426,Okta Hidayat,GD,JTI,L,PNS,S2,Guru Besar,False,False,False,2025,2026-05-17T15:02:44+07:00
0174609427,Gita Pratama,TI,JTK,L,PNS,S3,Lektor,False,True,False,2020,2026-05-17T15:02:44+07:00
0283384428,Joko Setiawan,KIM,JSA,P,PNS,S3,Asisten Ahli,False,True,False,2021,2026-05-17T15:02:44+07:00
0611737429,Maulana Fitriani,TL,JTK,L,PNS,S3,Lektor Kepala,False,True,True,2014,2026-05-17T15:02:44+07:00
0813565430,Lestari Nugroho,MB,JMB,P,PNS,S2,Asisten Ahli,False,False,False,2025,2026-05-17T15:02:44+07:00
0543823431,Eka Mahendra,FIS,JSA,L,Non-ASN,S2,Lektor Kepala,False,True,False,2025,2026-05-17T15:02:44+07:00
0966823432,Yani Laksono,SK,JSA,P,Non-ASN,S2,Asisten Ahli,False,True,True,2019,2026-05-17T15:02:44+07:00
0342608433,Yani Suherman,BIO,JSA,P,Non-ASN,S3,Asisten Ahli,False,True,False,2015,2026-05-17T15:02:44+07:00
0550919434,Ilham Setiawan,TP,JTP,P,PNS,S3,Tenaga Pengajar,False,True,False,2020,2026-05-17T15:02:44+07:00
0277146435,Irma Ramadhan,BIO,JSA,L,PNS,S2,Guru Besar,False,True,False,2016,2026-05-17T15:02:44+07:00
0960758436,Wati Santoso,GD,JTI,P,Non-ASN,S3,Guru Besar,False,True,False,2017,2026-05-17T15:02:44+07:00
0984515437,Sinta Permana,GD,JTI,L,Non-ASN,S3,Asisten Ahli,False,False,False,2015,2026-05-17T15:02:44+07:00
0980274438,Fajar Suherman,GD,JTI,P,PNS,S3,Asisten Ahli,True,False,False,2014,2026-05-17T15:02:44+07:00
0861537439,Kevin Setiawan,TI,JTK,P,Non-ASN,S3,Lektor,False,True,False,2018,2026-05-17T15:02:44+07:00
0686745440,Arif Safitri,TM,JTP,L,Non-ASN,S2,Guru Besar,False,True,False,2025,2026-05-17T15:02:44+07:00
0625493441,Galih Ramadhan,TLK,JTI,P,Non-ASN,S3,Guru Besar,False,False,False,2014,2026-05-17T15:02:44+07:00
0140483442,Budi Permana,FT,JSA,P,Non-ASN,S2,Guru Besar,False,True,True,2019,2026-05-17T15:02:44+07:00
0327041443,Sinta Damayanti,TI,JTK,L,Non-ASN,S2,Lektor Kepala,False,False,True,2021,2026-05-17T15:02:44+07:00
0981066444,Dinda Maharani,TK,JTP,L,PNS,S3,Tenaga Pengajar,False,False,False,2024,2026-05-17T15:02:44+07:00
0887456445,Gilang Laksono,TP,JTP,L,PNS,S2,Lektor,False,False,False,2022,2026-05-17T15:02:44+07:00
0851856446,Rizki Mahendra,TI,JTK,L,PNS,S3,Asisten Ahli,False,True,False,2025,2026-05-17T15:02:44+07:00
0432875447,Omar Pratama,GD,JTI,L,PNS,S2,Lektor,False,False,False,2014,2026-05-17T15:02:44+07:00
0582088448,Fajar Wijaya,AG,JTP,L,PPPK,S2,Lektor,False,True,False,2021,2026-05-17T15:02:44+07:00
0514594449,Wati Fitriani,TK,JTP,L,Non-ASN,S2,Lektor,False,False,False,2015,2026-05-17T15:02:44+07:00
0651207450,Nadia Purnama,TL,JTK,L,Non-ASN,S2,Asisten Ahli,False,True,False,2020,2026-05-17T15:02:44+07:00
0334615451,Bella Fauzi,PWK,JTI,P,PNS,S2,Asisten Ahli,False,True,False,2022,2026-05-17T15:02:44+07:00
0306695452,Wahyu Hidayat,KIM,JSA,P,Non-ASN,S3,Asisten Ahli,False,False,False,2024,2026-05-17T15:02:44+07:00
0360173453,Sinta Saputra,AR,JTI,L,PNS,S3,Tenaga Pengajar,False,False,False,2022,2026-05-17T15:02:44+07:00
0798294454,Okta Santoso,GD,JTI,P,PNS,S2,Lektor Kepala,False,True,False,2018,2026-05-17T15:02:44+07:00
0427571455,Omar Safitri,SK,JSA,L,Non-ASN,S2,Lektor Kepala,False,False,False,2017,2026-05-17T15:02:44+07:00
0417704456,Wahyu Ramadhani,TG,JTI,L,PPPK,S2,Lektor Kepala,False,True,False,2016,2026-05-17T15:02:44+07:00
0188244457,Muhammad Putra,GD,JTI,L,Non-ASN,S3,Asisten Ahli,False,True,False,2022,2026-05-17T15:02:44+07:00
0168926458,Bayu Ramadhani,TI,JTK,L,Non-ASN,S3,Lektor,False,False,False,2020,2026-05-17T15:02:44+07:00
0973834459,Jihan Safitri,TI,JTK,L,PNS,S3,Lektor,False,False,False,2016,2026-05-17T15:02:44+07:00
0258633460,Yusuf Suryadi,BIO,JSA,L,Non-ASN,S2,Tenaga Pengajar,False,True,False,2018,2026-05-17T15:02:44+07:00
0694306461,Joko Permana,TI,JTK,P,Non-ASN,S2,Lektor,True,False,False,2019,2026-05-17T15:02:44+07:00
0673376462,Kevin Hidayat,PWK,JTI,L,PPPK,S2,Lektor,False,True,False,2025,2026-05-17T15:02:44+07:00
0277173463,Fajar Wibowo,TLK,JTI,L,PPPK,S3,Guru Besar,False,False,False,2024,2026-05-17T15:02:44+07:00
0909109464,Yusuf Kusuma,IF,JTK,L,PPPK,S3,Lektor,True,True,False,2016,2026-05-17T15:02:44+07:00
0831542465,Yusuf Hidayat,MTK,JMB,P,Non-ASN,S3,Tenaga Pengajar,True,False,False,2023,2026-05-17T15:02:44+07:00
0839791466,Elsa Prasetyo,FT,JSA,P,PPPK,S2,Lektor,False,True,False,2014,2026-05-17T15:02:44+07:00
0819519467,Qori Prasetyo,AG,JTP,L,Non-ASN,S2,Asisten Ahli,False,True,False,2015,2026-05-17T15:02:44+07:00
0490557468,Luna Ramadhani,SK,JSA,L,PPPK,S2,Lektor,False,True,False,2017,2026-05-17T15:02:44+07:00
0343772469,Budi Susanti,GD,JTI,L,Non-ASN,S3,Asisten Ahli,False,False,False,2015,2026-05-17T15:02:44+07:00
0645571470,Dian Aditya,TL,JTK,P,Non-ASN,S2,Lektor,False,True,False,2016,2026-05-17T15:02:44+07:00
0887831471,Arif Fitriani,IF,JTK,L,PNS,S2,Lektor,False,False,False,2020,2026-05-17T15:02:44+07:00
0979280472,Galih Wulandari,GD,JTI,L,Non-ASN,S3,Lektor,False,True,False,2014,2026-05-17T15:02:44+07:00
0335816473,Vina Maharani,TLK,JTI,L,PPPK,S2,Lektor,False,True,False,2017,2026-05-17T15:02:44+07:00
0496400474,Taufik Wijaya,TK,JTP,P,PPPK,S2,Guru Besar,False,False,False,2017,2026-05-17T15:02:44+07:00
0690307475,Mira Permana,TL,JTK,L,Non-ASN,S3,Asisten Ahli,True,True,False,2015,2026-05-17T15:02:44+07:00
0922440476,Nisa Fauzi,MB,JMB,L,PNS,S2,Tenaga Pengajar,False,True,False,2025,2026-05-17T15:02:44+07:00
0628727477,Sari Purnama,AG,JTP,L,Non-ASN,S3,Asisten Ahli,False,False,False,2022,2026-05-17T15:02:44+07:00
0681021478,Elsa Safitri,IF,JTK,P,PPPK,S3,Guru Besar,False,False,False,2022,2026-05-17T15:02:44+07:00
0652685479,Jihan Gunawan,KIM,JSA,L,PPPK,S2,Lektor,False,True,False,2022,2026-05-17T15:02:44+07:00
0898718480,Gilang Gunawan,FIS,JSA,P,Non-ASN,S3,Asisten Ahli,False,False,False,2017,2026-05-17T15:02:44+07:00
0450089481,Taufik Firmansyah,AG,JTP,P,Non-ASN,S2,Lektor Kepala,False,True,False,2023,2026-05-17T15:02:44+07:00
0294728482,Jihan Wijaya,TP,JTP,L,PPPK,S2,Tenaga Pengajar,False,True,False,2024,2026-05-17T15:02:44+07:00
0486340483,Nadia Firmansyah,KIM,JSA,P,Non-ASN,S3,Asisten Ahli,False,False,False,2018,2026-05-17T15:02:44+07:00
0207142484,Yusuf Fitriani,MTK,JMB,L,PNS,S2,Asisten Ahli,False,True,False,2022,2026-05-17T15:02:44+07:00
0275884485,Taufik Handayani,IF,JTK,L,PNS,S3,Lektor,False,False,False,2017,2026-05-17T15:02:44+07:00
0201717486,Yusuf Anggraini,KIM,JSA,L,PNS,S2,Lektor,False,True,True,2021,2026-05-17T15:02:44+07:00
0952685487,Rina Laksono,KIM,JSA,L,PNS,S2,Lektor,False,True,False,2017,2026-05-17T15:02:44+07:00
0520473488,Bayu Maharani,TP,JTP,P,PNS,S3,Asisten Ahli,False,False,False,2024,2026-05-17T15:02:44+07:00
0981109489,Irma Fitriani,SK,JSA,L,Non-ASN,S3,Lektor,False,False,True,2015,2026-05-17T15:02:44+07:00
0473642490,Muhammad Pratama,TE,JTK,L,Non-ASN,S2,Lektor Kepala,False,False,False,2021,2026-05-17T15:02:44+07:00
0446931491,Fajar Aditya,BIO,JSA,L,Non-ASN,S2,Tenaga Pengajar,False,False,True,2015,2026-05-17T15:02:44+07:00
0303665492,Dian Laksono,TE,JTK,P,PNS,S2,Guru Besar,False,True,False,2019,2026-05-17T15:02:44+07:00
0204268493,Novi Anggraini,TP,JTP,L,PNS,S2,Asisten Ahli,False,True,True,2019,2026-05-17T15:02:44+07:00
0820826494,Citra Laksono,AR,JTI,P,PPPK,S3,Guru Besar,False,False,False,2017,2026-05-17T15:02:44+07:00
0774329495,Wahyu Hidayat,AG,JTP,P,Non-ASN,S2,Tenaga Pengajar,False,False,False,2024,2026-05-17T15:02:44+07:00
0991804496,Kartika Firmansyah,FIS,JSA,L,Non-ASN,S3,Lektor Kepala,True,True,False,2020,2026-05-17T15:02:44+07:00
0264673497,Citra Gunawan,TP,JTP,L,Non-ASN,S3,Tenaga Pengajar,False,True,True,2018,2026-05-17T15:02:44+07:00
0797349498,Nisa Mahendra,PWK,JTI,P,PPPK,S3,Lektor,False,True,False,2021,2026-05-17T15:02:44+07:00
0938164499,Jihan Firmansyah,AG,JTP,L,PNS,S2,Asisten Ahli,False,True,False,2014,2026-05-17T15:02:44+07:00
0750446500,Omar Prasetyo,TE,JTK,L,PNS,S3,Asisten Ahli,False,True,False,2023,2026-05-17T15:02:44+07:00
0997546501,Dian Suryadi,SI,JTK,P,Non-ASN,S2,Lektor,False,True,False,2015,2026-05-17T15:02:44+07:00
0506519502,Yani Aditya,MTK,JMB,L,Non-ASN,S2,Tenaga Pengajar,False,False,False,2019,2026-05-17T15:02:44+07:00
0895284503,Zahra Firmansyah,KIM,JSA,L,Non-ASN,S2,Lektor,False,True,False,2021,2026-05-17T15:02:44+07:00
0457498504,Cahya Aditya,TLK,JTI,L,Non-ASN,S2,Lektor,True,True,False,2022,2026-05-17T15:02:44+07:00
0627833505,Yani Mahendra,TLK,JTI,P,PNS,S2,Asisten Ahli,False,True,False,2017,2026-05-17T15:02:44+07:00
0284696506,Fandi Hidayat,TE,JTK,L,Non-ASN,S3,Asisten Ahli,False,True,False,2024,2026-05-17T15:02:44+07:00
0339704507,Dewi Firmansyah,AG,JTP,L,PNS,S2,Tenaga Pengajar,False,False,False,2014,2026-05-17T15:02:44+07:00
0225824508,Indra Setiawan,MB,JMB,L,Non-ASN,S2,Asisten Ahli,True,True,False,2015,2026-05-17T15:02:44+07:00
0302776509,Zaki Hidayat,GD,JTI,L,PNS,S2,Lektor,False,True,False,2017,2026-05-17T15:02:44+07:00
0877339510,Kartika Fauzi,TP,JTP,P,PNS,S3,Asisten Ahli,False,True,True,2020,2026-05-17T15:02:44+07:00
0313983511,Ahmad Mahendra,KIM,JSA,L,Non-ASN,S2,Asisten Ahli,False,True,False,2024,2026-05-17T15:02:44+07:00
0899268512,Gilang Wulandari,BIO,JSA,L,Non-ASN,S2,Guru Besar,False,True,False,2015,2026-05-17T15:02:44+07:00
0711883513,Citra Handayani,TI,JTK,L,Non-ASN,S3,Asisten Ahli,True,False,False,2020,2026-05-17T15:02:44+07:00
0134245514,Bella Suryadi,GL,JTI,L,PPPK,S3,Guru Besar,False,False,False,2024,2026-05-17T15:02:44+07:00
0776509515,Joko Aditya,TS,JTI,L,Non-ASN,S2,Lektor,False,True,False,2021,2026-05-17T15:02:44+07:00
0112627516,Dinda Santoso,TK,JTP,L,PNS,S3,Guru Besar,False,True,False,2020,2026-05-17T15:02:44+07:00
0581633517,Nadia Fitriani,TL,JTK,P,PPPK,S2,Lektor,False,False,False,2014,2026-05-17T15:02:44+07:00
0255889518,Gilang Utami,SI,JTK,L,PPPK,S2,Lektor,False,False,False,2024,2026-05-17T15:02:44+07:00
0414121519,Gita Damayanti,GD,JTI,L,PNS,S2,Lektor Kepala,False,True,True,2021,2026-05-17T15:02:44+07:00
0638864520,Wahyu Anggraini,BIO,JSA,P,Non-ASN,S2,Tenaga Pengajar,False,True,False,2018,2026-05-17T15:02:44+07:00
0293185521,Putri Purnama,AR,JTI,L,PNS,S3,Lektor,False,True,False,2018,2026-05-17T15:02:44+07:00
0202917522,Arif Nugroho,AG,JTP,P,PNS,S3,Guru Besar,False,True,False,2025,2026-05-17T15:02:44+07:00
0713275523,Rina Saputra,TI,JTK,L,PNS,S2,Lektor Kepala,False,True,True,2022,2026-05-17T15:02:44+07:00
0740910524,Gilang Maharani,MTK,JMB,P,PPPK,S3,Asisten Ahli,True,False,False,2023,2026-05-17T15:02:44+07:00
0624774525,Wati Damayanti,SK,JSA,L,PPPK,S3,Lektor Kepala,False,True,True,2014,2026-05-17T15:02:44+07:00
0863802526,Mira Damayanti,TS,JTI,L,PNS,S2,Lektor Kepala,False,False,False,2014,2026-05-17T15:02:44+07:00
0389915527,Taufik Wijaya,FT,JSA,P,PNS,S2,Lektor Kepala,False,False,False,2014,2026-05-17T15:02:44+07:00
0398259528,Putri Gunawan,AG,JTP,L,PNS,S2,Tenaga Pengajar,False,True,False,2021,2026-05-17T15:02:44+07:00
0529337529,Lestari Aditya,TG,JTI,P,PNS,S3,Guru Besar,False,False,False,2021,2026-05-17T15:02:44+07:00
0789349530,Mira Pratama,TE,JTK,L,PPPK,S2,Asisten Ahli,False,True,False,2019,2026-05-17T15:02:44+07:00
0226586531,Arif Fauzi,TK,JTP,P,PNS,S2,Lektor,False,False,False,2018,2026-05-17T15:02:44+07:00
0516152532,Putri Hidayat,IF,JTK,L,Non-ASN,S3,Lektor,False,True,True,2018,2026-05-17T15:02:44+07:00
0380650533,Dinda Maharani,MB,JMB,P,PNS,S3,Guru Besar,False,False,False,2021,2026-05-17T15:02:44+07:00
0546857534,Mira Ramadhani,AR,JTI,P,PNS,S2,Guru Besar,False,True,True,2024,2026-05-17T15:02:44+07:00
0953604535,Sari Suryadi,MTK,JMB,P,Non-ASN,S3,Lektor Kepala,False,False,False,2022,2026-05-17T15:02:44+07:00
0881680536,Lia Wulandari,GL,JTI,L,Non-ASN,S2,Guru Besar,False,True,False,2019,2026-05-17T15:02:44+07:00
0430208537,Yusuf Hidayat,TLK,JTI,L,PNS,S3,Asisten Ahli,False,True,False,2016,2026-05-17T15:02:44+07:00
0666228538,Kiki Putra,SI,JTK,L,PNS,S2,Guru Besar,False,True,False,2017,2026-05-17T15:02:44+07:00
0380396539,Bayu Pratama,TM,JTP,P,PPPK,S3,Guru Besar,False,True,False,2025,2026-05-17T15:02:44+07:00
0168319540,Taufik Damayanti,TL,JTK,P,PPPK,S2,Guru Besar,False,False,False,2021,2026-05-17T15:02:44+07:00
0609462541,Taufik Wibowo,TL,JTK,P,PNS,S3,Guru Besar,False,True,False,2020,2026-05-17T15:02:44+07:00
0987444542,Fitri Ramadhani,TM,JTP,L,Non-ASN,S2,Tenaga Pengajar,False,True,True,2017,2026-05-17T15:02:44+07:00
0508392543,Joko Suherman,AR,JTI,P,PPPK,S2,Guru Besar,False,False,False,2024,2026-05-17T15:02:44+07:00
0445093544,Galih Aditya,AR,JTI,P,Non-ASN,S3,Lektor Kepala,False,False,False,2020,2026-05-17T15:02:44+07:00
0547161545,Rizki Prasetyo,TK,JTP,L,PPPK,S2,Lektor Kepala,False,False,False,2021,2026-05-17T15:02:44+07:00
0266935546,Kiki Ramadhani,TK,JTP,L,Non-ASN,S3,Lektor,False,True,False,2014,2026-05-17T15:02:44+07:00
0771849547,Dinda Suryadi,TG,JTI,L,Non-ASN,S2,Lektor,False,True,True,2018,2026-05-17T15:02:44+07:00
0360008548,Ulfa Suryadi,GD,JTI,P,Non-ASN,S3,Asisten Ahli,False,True,False,2022,2026-05-17T15:02:44+07:00
0169232549,Joko Fitriani,FIS,JSA,L,Non-ASN,S3,Guru Besar,False,False,False,2022,2026-05-17T15:02:44+07:00
0461934550,Rina Fitriani,BIO,JSA,P,PNS,S2,Tenaga Pengajar,False,True,False,2020,2026-05-17T15:02:44+07:00
0486658551,Vina Permana,KIM,JSA,P,PPPK,S3,Asisten Ahli,False,False,False,2021,2026-05-17T15:02:44+07:00
0698132552,Andi Aditya,FT,JSA,L,PNS,S3,Lektor,False,True,False,2019,2026-05-17T15:02:44+07:00
0517195553,Omar Utami,SI,JTK,P,PNS,S2,Lektor Kepala,False,False,False,2020,2026-05-17T15:02:44+07:00
0834311554,Ilham Susanti,TG,JTI,L,PPPK,S3,Lektor Kepala,False,False,False,2022,2026-05-17T15:02:44+07:00
0320471555,Fitri Susanti,TI,JTK,P,PNS,S2,Lektor Kepala,True,True,False,2017,2026-05-17T15:02:44+07:00
0404862556,Lia Fauzi,MTK,JMB,L,Non-ASN,S2,Lektor Kepala,False,False,False,2024,2026-05-17T15:02:44+07:00
0641745557,Sinta Pratama,FIS,JSA,L,Non-ASN,S2,Guru Besar,False,False,False,2016,2026-05-17T15:02:44+07:00
0615453558,Yani Hakim,GD,JTI,L,Non-ASN,S2,Guru Besar,False,True,False,2024,2026-05-17T15:02:44+07:00
0418851559,Joni Maharani,MB,JMB,L,Non-ASN,S2,Asisten Ahli,False,False,True,2018,2026-05-17T15:02:44+07:00
0870962560,Dian Damayanti,TG,JTI,L,PNS,S3,Asisten Ahli,False,True,False,2024,2026-05-17T15:02:44+07:00
0632696561,Rina Anggraini,GL,JTI,P,PNS,S2,Tenaga Pengajar,False,True,False,2019,2026-05-17T15:02:44+07:00
0598522562,Okta Maharani,FT,JSA,L,PPPK,S2,Guru Besar,False,True,False,2025,2026-05-17T15:02:44+07:00
0161894563,Fandi Gunawan,TL,JTK,P,PPPK,S2,Tenaga Pengajar,False,True,False,2019,2026-05-17T15:02:44+07:00
0913661564,Rizki Purnama,MTK,JMB,L,Non-ASN,S3,Guru Besar,False,False,False,2022,2026-05-17T15:02:44+07:00
0717596565,Joko Ramadhani,IF,JTK,L,PNS,S2,Lektor,False,True,False,2021,2026-05-17T15:02:44+07:00
0274594566,Okta Hidayat,TL,JTK,P,PNS,S3,Lektor,False,True,False,2022,2026-05-17T15:02:44+07:00
0452291567,Dian Pratama,MB,JMB,L,PNS,S3,Lektor Kepala,True,False,False,2025,2026-05-17T15:02:44+07:00
0778247568,Zahra Wulandari,SK,JSA,P,PNS,S2,Tenaga Pengajar,False,True,False,2025,2026-05-17T15:02:44+07:00
0619030569,Fitri Mahendra,TP,JTP,L,Non-ASN,S2,Tenaga Pengajar,False,False,False,2021,2026-05-17T15:02:44+07:00
0194254570,Joko Laksono,AG,JTP,P,PPPK,S3,Lektor,False,False,False,2015,2026-05-17T15:02:44+07:00
0457514571,Sinta Mahendra,AR,JTI,L,PPPK,S2,Lektor Kepala,False,True,False,2021,2026-05-17T15:02:44+07:00
0221832572,Maulana Aditya,KIM,JSA,P,Non-ASN,S3,Lektor Kepala,False,False,False,2022,2026-05-17T15:02:44+07:00
0983704573,Galih Damayanti,IF,JTK,P,PNS,S2,Tenaga Pengajar,False,False,False,2018,2026-05-17T15:02:44+07:00
0803723574,Kartika Aditya,TP,JTP,L,Non-ASN,S2,Guru Besar,False,False,True,2014,2026-05-17T15:02:44+07:00
0725835575,Cahya Santoso,TI,JTK,P,Non-ASN,S2,Asisten Ahli,False,True,False,2022,2026-05-17T15:02:44+07:00
0895405576,Vina Firmansyah,FIS,JSA,L,Non-ASN,S2,Tenaga Pengajar,False,True,True,2024,2026-05-17T15:02:44+07:00
0422111577,Taufik Ramadhan,AR,JTI,P,Non-ASN,S2,Lektor,False,False,True,2024,2026-05-17T15:02:44+07:00
0848129578,Irma Utami,BIO,JSA,P,PNS,S2,Lektor,False,False,False,2019,2026-05-17T15:02:44+07:00
0719465579,Putri Hidayat,GL,JTI,L,PNS,S2,Tenaga Pengajar,False,True,True,2025,2026-05-17T15:02:44+07:00
0625601580,Sari Setiawan,GL,JTI,P,PPPK,S3,Tenaga Pengajar,False,True,False,2021,2026-05-17T15:02:44+07:00
0989302581,Dian Permana,PWK,JTI,L,PNS,S3,Guru Besar,False,True,True,2020,2026-05-17T15:02:44+07:00
0762151582,Galih Wibowo,TS,JTI,P,Non-ASN,S2,Lektor,False,True,False,2024,2026-05-17T15:02:44+07:00
0684758583,Umar Anggraini,FT,JSA,P,Non-ASN,S3,Lektor Kepala,False,True,False,2015,2026-05-17T15:02:44+07:00
0651248584,Mira Kusuma,SI,JTK,L,PNS,S2,Guru Besar,False,True,True,2016,2026-05-17T15:02:44+07:00
0182312585,Zaki Wijaya,TI,JTK,L,PPPK,S2,Lektor,False,True,False,2019,2026-05-17T15:02:44+07:00
0438914586,Arif Damayanti,IF,JTK,P,PNS,S2,Asisten Ahli,False,False,False,2014,2026-05-17T15:02:44+07:00
0212638587,Okta Handayani,PWK,JTI,L,PPPK,S3,Lektor,False,True,False,2020,2026-05-17T15:02:44+07:00
0824702588,Ulfa Hidayat,TL,JTK,L,PPPK,S3,Guru Besar,False,True,False,2021,2026-05-17T15:02:44+07:00
0951734589,Eka Maharani,TM,JTP,L,Non-ASN,S3,Asisten Ahli,False,True,False,2019,2026-05-17T15:02:44+07:00
0446698590,Kiki Ramadhan,IF,JTK,P,PNS,S2,Tenaga Pengajar,False,True,False,2017,2026-05-17T15:02:44+07:00
0462665591,Okta Aditya,MB,JMB,L,PNS,S2,Guru Besar,False,False,False,2020,2026-05-17T15:02:44+07:00
0253005592,Citra Pratama,TLK,JTI,P,Non-ASN,S2,Lektor,False,True,False,2020,2026-05-17T15:02:44+07:00
0379549593,Elsa Handayani,AR,JTI,P,Non-ASN,S3,Guru Besar,False,True,False,2021,2026-05-17T15:02:44+07:00
0723108594,Wahyu Wulandari,TLK,JTI,L,PNS,S2,Tenaga Pengajar,False,False,False,2020,2026-05-17T15:02:44+07:00
0256328595,Arif Safitri,SK,JSA,L,PNS,S2,Lektor,False,True,False,2021,2026-05-17T15:02:44+07:00
0940356596,Joni Purnama,TE,JTK,P,PNS,S2,Lektor Kepala,False,False,False,2019,2026-05-17T15:02:44+07:00
0614941597,Rizki Setiawan,AR,JTI,P,PNS,S3,Asisten Ahli,False,True,False,2020,2026-05-17T15:02:44+07:00
0861860598,Sinta Ramadhan,MTK,JMB,P,PNS,S2,Asisten Ahli,False,True,False,2017,2026-05-17T15:02:44+07:00
0387606599,Eka Setiawan,IF,JTK,P,Non-ASN,S2,Lektor Kepala,False,False,False,2025,2026-05-17T15:02:44+07:00
0849572600,Putri Wijaya,IF,JTK,P,Non-ASN,S3,Tenaga Pengajar,False,True,False,2014,2026-05-17T15:02:44+07:00
0394031601,Budi Safitri,MB,JMB,L,PNS,S3,Guru Besar,False,False,False,2017,2026-05-17T15:02:44+07:00
0882105602,Yusuf Wulandari,MTK,JMB,L,PPPK,S3,Asisten Ahli,False,False,False,2016,2026-05-17T15:02:44+07:00
0735700603,Umar Saputra,TE,JTK,P,PNS,S2,Lektor Kepala,False,False,False,2021,2026-05-17T15:02:44+07:00
0575783604,Fitri Surya,AG,JTP,L,Non-ASN,S2,Asisten Ahli,False,False,False,2024,2026-05-17T15:02:44+07:00
0644815605,Arif Hidayat,AR,JTI,L,Non-ASN,S3,Guru Besar,False,True,True,2015,2026-05-17T15:02:44+07:00
0791890606,Tina Firmansyah,GL,JTI,L,Non-ASN,S2,Lektor,False,True,False,2024,2026-05-17T15:02:44+07:00
0284670607,Fandi Wulandari,FT,JSA,L,Non-ASN,S2,Lektor,False,False,False,2021,2026-05-17T15:02:44+07:00
0157554608,Tina Hakim,SI,JTK,L,Non-ASN,S3,Lektor,False,False,False,2019,2026-05-17T15:02:44+07:00
0228954609,Hana Maharani,TI,JTK,P,PNS,S2,Lektor,False,False,False,2015,2026-05-17T15:02:44+07:00
0657715610,Dewi Pratama,FIS,JSA,L,Non-ASN,S3,Lektor,False,True,False,2025,2026-05-17T15:02:44+07:00
0409799611,Putri Utami,KIM,JSA,P,Non-ASN,S2,Asisten Ahli,False,False,False,2024,2026-05-17T15:02:44+07:00
0234284612,Tina Hakim,TE,JTK,L,Non-ASN,S2,Asisten Ahli,False,True,False,2019,2026-05-17T15:02:44+07:00
0487016613,Kiki Saputra,TI,JTK,P,PNS,S3,Lektor,False,True,False,2014,2026-05-17T15:02:44+07:00
0606430614,Gilang Laksono,FIS,JSA,P,Non-ASN,S2,Guru Besar,False,True,False,2016,2026-05-17T15:02:44+07:00
0203672615,Wati Aditya,MB,JMB,P,PPPK,S2,Asisten Ahli,False,False,False,2023,2026-05-17T15:02:44+07:00
0485112616,Fajar Damayanti,MTK,JMB,P,Non-ASN,S2,Tenaga Pengajar,False,True,False,2025,2026-05-17T15:02:44+07:00
0805876617,Citra Santoso,TL,JTK,L,PNS,S3,Tenaga Pengajar,False,False,False,2023,2026-05-17T15:02:44+07:00
0404990618,Yusuf Nugroho,IF,JTK,P,PPPK,S3,Asisten Ahli,False,True,False,2015,2026-05-17T15:02:44+07:00
0780900619,Bayu Anggraini,TM,JTP,L,PPPK,S2,Lektor Kepala,True,True,False,2019,2026-05-17T15:02:44+07:00
0884899620,Kiki Hidayat,TLK,JTI,L,PNS,S2,Lektor Kepala,False,True,False,2018,2026-05-17T15:02:44+07:00
0844156621,Kevin Mahendra,TE,JTK,L,PNS,S3,Lektor,False,False,False,2025,2026-05-17T15:02:44+07:00
0715204622,Wati Aditya,KIM,JSA,P,PNS,S3,Tenaga Pengajar,False,False,False,2024,2026-05-17T15:02:44+07:00
0729516623,Fajar Maharani,TLK,JTI,P,PPPK,S2,Lektor,False,False,True,2024,2026-05-17T15:02:44+07:00
0667058624,Luna Permana,TL,JTK,L,Non-ASN,S3,Guru Besar,False,True,False,2017,2026-05-17T15:02:44+07:00
0176048625,Luna Mahendra,TL,JTK,L,PNS,S3,Asisten Ahli,False,False,False,2022,2026-05-17T15:02:44+07:00
0609175626,Dinda Wulandari,PWK,JTI,P,PNS,S2,Guru Besar,False,False,True,2024,2026-05-17T15:02:44+07:00
0796070627,Fitri Hakim,SK,JSA,P,PNS,S2,Tenaga Pengajar,False,False,True,2022,2026-05-17T15:02:44+07:00
0619690628,Joni Hidayat,TM,JTP,L,PPPK,S3,Guru Besar,False,True,False,2023,2026-05-17T15:02:44+07:00
0564119629,Yani Purnama,MB,JMB,P,Non-ASN,S2,Asisten Ahli,False,True,False,2022,2026-05-17T15:02:44+07:00
0290959630,Kevin Aditya,AG,JTP,L,Non-ASN,S2,Guru Besar,False,False,False,2019,2026-05-17T15:02:44+07:00
0305953631,Dian Nugroho,IF,JTK,P,PPPK,S3,Lektor Kepala,False,True,False,2017,2026-05-17T15:02:44+07:00
0375073632,Andi Santoso,SK,JSA,P,PNS,S2,Lektor Kepala,False,True,False,2021,2026-05-17T15:02:44+07:00
0909877633,Yusuf Ramadhani,MB,JMB,L,PNS,S2,Guru Besar,False,False,False,2016,2026-05-17T15:02:44+07:00
0109533634,Wati Mahendra,AG,JTP,P,Non-ASN,S2,Tenaga Pengajar,False,False,False,2024,2026-05-17T15:02:44+07:00
0355505635,Jihan Fitriani,SK,JSA,P,Non-ASN,S2,Guru Besar,False,False,False,2015,2026-05-17T15:02:44+07:00
0205366636,Rizki Damayanti,BIO,JSA,P,Non-ASN,S2,Lektor Kepala,False,True,False,2024,2026-05-17T15:02:44+07:00
0869361637,Zaki Wijaya,TP,JTP,P,PNS,S2,Guru Besar,False,False,False,2020,2026-05-17T15:02:44+07:00
0441573638,Yusuf Santoso,TE,JTK,L,PNS,S3,Tenaga Pengajar,False,False,False,2017,2026-05-17T15:02:44+07:00
0757016639,Umar Suherman,TL,JTK,P,PPPK,S2,Asisten Ahli,False,False,False,2017,2026-05-17T15:02:44+07:00
0828310640,Kiki Mahendra,AR,JTI,L,PNS,S3,Lektor Kepala,False,False,False,2019,2026-05-17T15:02:44+07:00
0764428641,Gita Suherman,MB,JMB,P,PNS,S2,Guru Besar,False,True,False,2016,2026-05-17T15:02:44+07:00
0294007642,Zahra Santoso,FIS,JSA,L,Non-ASN,S2,Lektor Kepala,False,False,False,2019,2026-05-17T15:02:44+07:00
0302494643,Hadi Ramadhan,GL,JTI,L,PNS,S3,Guru Besar,False,True,False,2022,2026-05-17T15:02:44+07:00
0544887644,Nadia Santoso,SK,JSA,L,PPPK,S2,Guru Besar,False,True,False,2014,2026-05-17T15:02:44+07:00
0845561645,Tina Handayani,SI,JTK,P,PNS,S2,Tenaga Pengajar,True,True,False,2014,2026-05-17T15:02:44+07:00
0982258646,Lestari Purnama,IF,JTK,L,Non-ASN,S2,Guru Besar,False,True,True,2025,2026-05-17T15:02:44+07:00
0844065647,Qori Hakim,MTK,JMB,L,Non-ASN,S3,Tenaga Pengajar,False,False,True,2023,2026-05-17T15:02:44+07:00
0129175648,Sinta Saputra,PWK,JTI,P,Non-ASN,S3,Asisten Ahli,True,False,False,2018,2026-05-17T15:02:44+07:00
0505699649,Rina Hidayat,TK,JTP,L,PNS,S2,Guru Besar,False,True,False,2019,2026-05-17T15:02:44+07:00
0949309650,Putri Mahendra,MB,JMB,L,Non-ASN,S2,Lektor Kepala,False,False,False,2025,2026-05-17T15:02:44+07:00
0436057651,Lia Aditya,TG,JTI,P,Non-ASN,S2,Lektor,False,False,False,2024,2026-05-17T15:02:44+07:00
0192941652,Taufik Prasetyo,GL,JTI,L,Non-ASN,S2,Lektor,False,False,False,2020,2026-05-17T15:02:44+07:00
0287098653,Bayu Saputra,SK,JSA,L,Non-ASN,S3,Lektor Kepala,False,False,False,2017,2026-05-17T15:02:44+07:00
0176287654,Citra Wulandari,MTK,JMB,P,Non-ASN,S2,Tenaga Pengajar,False,True,False,2023,2026-05-17T15:02:44+07:00
0789052655,Ahmad Mahendra,TL,JTK,L,Non-ASN,S3,Asisten Ahli,False,False,False,2025,2026-05-17T15:02:44+07:00
0332472656,Rizki Suherman,TM,JTP,L,PNS,S2,Lektor Kepala,True,True,False,2018,2026-05-17T15:02:44+07:00
0121583657,Putri Fitriani,TP,JTP,L,PPPK,S2,Asisten Ahli,False,True,False,2023,2026-05-17T15:02:44+07:00
0432608658,Citra Prasetyo,TI,JTK,L,PPPK,S2,Lektor Kepala,False,True,False,2020,2026-05-17T15:02:44+07:00
0470130659,Bella Susanti,FT,JSA,L,PPPK,S2,Guru Besar,False,True,False,2015,2026-05-17T15:02:44+07:00
0250643660,Nadia Hakim,GD,JTI,P,PNS,S2,Asisten Ahli,False,False,False,2015,2026-05-17T15:02:44+07:00
0903347661,Galih Aditya,TE,JTK,L,PNS,S3,Guru Besar,False,True,False,2014,2026-05-17T15:02:44+07:00
0484403662,Dewi Gunawan,TL,JTK,P,PPPK,S3,Lektor,False,True,False,2021,2026-05-17T15:02:44+07:00
0374758663,Okta Utami,FIS,JSA,P,PNS,S3,Tenaga Pengajar,False,False,False,2023,2026-05-17T15:02:44+07:00
0815064664,Arif Ramadhani,FT,JSA,L,PPPK,S2,Lektor Kepala,False,False,False,2020,2026-05-17T15:02:44+07:00
0172465665,Arif Susanti,TS,JTI,P,Non-ASN,S2,Lektor,False,True,False,2018,2026-05-17T15:02:44+07:00
0851719666,Eka Surya,GL,JTI,P,Non-ASN,S2,Lektor,False,True,False,2024,2026-05-17T15:02:44+07:00
0789040667,Ilham Utami,TL,JTK,P,PNS,S3,Guru Besar,False,True,False,2017,2026-05-17T15:02:44+07:00
0887325668,Ilham Aditya,SI,JTK,P,PNS,S2,Guru Besar,False,True,False,2015,2026-05-17T15:02:44+07:00
0643509669,Cahya Ramadhani,TI,JTK,P,PNS,S2,Guru Besar,False,True,False,2022,2026-05-17T15:02:44+07:00
0703040670,Ahmad Nugroho,AG,JTP,P,Non-ASN,S2,Guru Besar,False,True,False,2015,2026-05-17T15:02:44+07:00
0797723671,Cahya Pratama,TL,JTK,P,Non-ASN,S3,Lektor,False,True,False,2019,2026-05-17T15:02:44+07:00
0317575672,Irma Suherman,SI,JTK,P,Non-ASN,S2,Lektor Kepala,False,True,True,2014,2026-05-17T15:02:44+07:00
0708688673,Mira Nugroho,AR,JTI,L,Non-ASN,S2,Guru Besar,False,True,False,2025,2026-05-17T15:02:44+07:00
0105684674,Indra Pratama,TL,JTK,L,PPPK,S2,Guru Besar,False,True,False,2019,2026-05-17T15:02:44+07:00
0416537675,Ahmad Firmansyah,TS,JTI,P,PNS,S3,Lektor,False,False,True,2022,2026-05-17T15:02:44+07:00
0528663676,Fajar Maharani,TL,JTK,P,PNS,S2,Guru Besar,False,True,False,2018,2026-05-17T15:02:44+07:00
0771314677,Kevin Suryadi,IF,JTK,L,PPPK,S2,Asisten Ahli,False,False,False,2025,2026-05-17T15:02:44+07:00
0459651678,Wahyu Hidayat,TG,JTI,L,Non-ASN,S2,Lektor,False,False,False,2015,2026-05-17T15:02:44+07:00
0602456679,Hendra Damayanti,FIS,JSA,L,Non-ASN,S2,Tenaga Pengajar,False,True,False,2017,2026-05-17T15:02:44+07:00
0573959680,Irma Wibowo,GD,JTI,P,Non-ASN,S3,Lektor Kepala,False,True,False,2017,2026-05-17T15:02:44+07:00
0959567681,Muhammad Susanti,IF,JTK,P,Non-ASN,S2,Lektor Kepala,False,True,True,2025,2026-05-17T15:02:44+07:00
0113295682,Eka Pratama,FIS,JSA,L,PNS,S2,Lektor,False,True,False,2023,2026-05-17T15:02:44+07:00
0787607683,Ahmad Damayanti,SK,JSA,P,Non-ASN,S2,Tenaga Pengajar,True,False,False,2017,2026-05-17T15:02:44+07:00
0756791684,Gita Susanti,TM,JTP,P,PPPK,S2,Lektor,False,False,False,2014,2026-05-17T15:02:44+07:00
0507809685,Fandi Anggraini,SK,JSA,P,PPPK,S3,Asisten Ahli,False,True,False,2024,2026-05-17T15:02:44+07:00
0293824686,Qori Maharani,TP,JTP,L,Non-ASN,S2,Lektor Kepala,False,True,True,2014,2026-05-17T15:02:44+07:00
0674541687,Luna Mahendra,GD,JTI,L,PNS,S3,Lektor Kepala,False,False,False,2016,2026-05-17T15:02:44+07:00
0371226688,Andi Kusuma,GL,JTI,L,PNS,S3,Guru Besar,True,True,False,2025,2026-05-17T15:02:44+07:00
0289253689,Sinta Damayanti,SI,JTK,P,PNS,S2,Lektor,False,True,False,2018,2026-05-17T15:02:44+07:00
0911592690,Umar Suryadi,BIO,JSA,L,Non-ASN,S3,Lektor Kepala,False,True,False,2017,2026-05-17T15:02:44+07:00
0617331691,Jihan Pratama,TI,JTK,P,PPPK,S2,Tenaga Pengajar,False,False,False,2020,2026-05-17T15:02:44+07:00
0445505692,Joko Handayani,TG,JTI,L,Non-ASN,S2,Tenaga Pengajar,False,False,False,2021,2026-05-17T15:02:44+07:00
0133447693,Wahyu Ramadhan,SI,JTK,P,Non-ASN,S3,Asisten Ahli,False,False,False,2024,2026-05-17T15:02:44+07:00
0160236694,Bella Pratama,TL,JTK,L,Non-ASN,S3,Asisten Ahli,False,True,False,2020,2026-05-17T15:02:44+07:00
0863920695,Lestari Anggraini,MB,JMB,P,Non-ASN,S2,Asisten Ahli,False,True,False,2023,2026-05-17T15:02:44+07:00
0270106696,Vina Ramadhan,BIO,JSA,P,Non-ASN,S3,Lektor,False,False,False,2022,2026-05-17T15:02:44+07:00
0693468697,Kevin Hidayat,TG,JTI,L,PNS,S3,Guru Besar,False,True,True,2014,2026-05-17T15:02:44+07:00
0844529698,Galih Maharani,IF,JTK,P,PNS,S2,Tenaga Pengajar,False,False,False,2019,2026-05-17T15:02:44+07:00
0340518699,Novi Saputra,GD,JTI,L,Non-ASN,S2,Asisten Ahli,False,False,False,2014,2026-05-17T15:02:44+07:00
0530384700,Citra Mahendra,SI,JTK,L,PPPK,S3,Lektor Kepala,False,False,False,2025,2026-05-17T15:02:44+07:00
0368635701,Kartika Safitri,TLK,JTI,P,PNS,S2,Asisten Ahli,False,False,False,2016,2026-05-17T15:02:44+07:00
0457194702,Fajar Susanti,SI,JTK,P,Non-ASN,S2,Lektor,False,False,False,2025,2026-05-17T15:02:44+07:00
0457617703,Ulfa Safitri,GD,JTI,P,Non-ASN,S2,Lektor Kepala,False,False,False,2020,2026-05-17T15:02:44+07:00
0218067704,Tina Laksono,FIS,JSA,L,Non-ASN,S3,Tenaga Pengajar,True,True,True,2017,2026-05-17T15:02:44+07:00
0723015705,Putri Setiawan,TM,JTP,L,Non-ASN,S3,Lektor,False,True,False,2018,2026-05-17T15:02:44+07:00
0543326706,Sari Suherman,MTK,JMB,L,Non-ASN,S2,Asisten Ahli,False,True,False,2021,2026-05-17T15:02:44+07:00
0720145707,Bayu Nugroho,TLK,JTI,L,PPPK,S3,Asisten Ahli,False,False,False,2020,2026-05-17T15:02:44+07:00
0688136708,Taufik Suryadi,IF,JTK,L,PNS,S3,Guru Besar,False,True,False,2014,2026-05-17T15:02:44+07:00
0966609709,Umar Damayanti,TG,JTI,L,PNS,S2,Lektor Kepala,False,True,True,2014,2026-05-17T15:02:44+07:00
0157085710,Muhammad Maharani,FIS,JSA,L,PNS,S2,Lektor,False,False,False,2017,2026-05-17T15:02:44+07:00
0324734711,Budi Hakim,GD,JTI,P,PNS,S3,Tenaga Pengajar,False,True,False,2022,2026-05-17T15:02:44+07:00
0285890712,Zahra Utami,SK,JSA,L,PNS,S3,Lektor Kepala,False,True,False,2023,2026-05-17T15:02:44+07:00
0942085713,Rina Setiawan,SK,JSA,L,PNS,S3,Lektor,False,True,False,2016,2026-05-17T15:02:44+07:00
0827118714,Dewi Laksono,FT,JSA,L,Non-ASN,S2,Lektor,False,True,False,2019,2026-05-17T15:02:44+07:00
0391353715,Dian Fauzi,TG,JTI,L,PNS,S2,Guru Besar,False,False,False,2020,2026-05-17T15:02:44+07:00
0691283716,Mira Aditya,FIS,JSA,P,PNS,S2,Guru Besar,False,False,False,2014,2026-05-17T15:02:44+07:00
0389653717,Indra Putra,TS,JTI,P,Non-ASN,S2,Lektor,False,False,False,2021,2026-05-17T15:02:44+07:00
0201548718,Gita Nugroho,FT,JSA,L,PNS,S2,Asisten Ahli,False,True,True,2018,2026-05-17T15:02:44+07:00
0904706719,Joni Putra,GL,JTI,P,PPPK,S2,Lektor,False,True,False,2023,2026-05-17T15:02:44+07:00
0357471720,Sari Pratama,TM,JTP,P,PNS,S2,Lektor,False,False,False,2015,2026-05-17T15:02:44+07:00
0184499721,Budi Suryadi,TI,JTK,P,PNS,S2,Lektor Kepala,False,False,False,2018,2026-05-17T15:02:44+07:00
0506126722,Nadia Surya,TE,JTK,P,PPPK,S3,Lektor,False,False,False,2014,2026-05-17T15:02:44+07:00
0831921723,Kartika Prasetyo,TLK,JTI,L,Non-ASN,S2,Tenaga Pengajar,False,True,False,2024,2026-05-17T15:02:44+07:00
0566077724,Dewi Suryadi,MB,JMB,L,PNS,S3,Lektor,False,True,False,2014,2026-05-17T15:02:44+07:00
0104195725,Sinta Fauzi,FIS,JSA,L,Non-ASN,S2,Lektor Kepala,False,False,False,2016,2026-05-17T15:02:44+07:00
0410046726,Hendra Prasetyo,GD,JTI,P,Non-ASN,S2,Asisten Ahli,False,True,False,2022,2026-05-17T15:02:44+07:00
0747996727,Bella Utami,GD,JTI,P,PNS,S2,Guru Besar,False,True,False,2023,2026-05-17T15:02:44+07:00
0915461728,Hadi Putra,SK,JSA,L,PNS,S2,Tenaga Pengajar,True,True,False,2020,2026-05-17T15:02:44+07:00
0831412729,Rina Wibowo,FT,JSA,P,PNS,S2,Tenaga Pengajar,False,False,False,2023,2026-05-17T15:02:44+07:00
0279273730,Luna Kusuma,KIM,JSA,L,Non-ASN,S3,Lektor Kepala,False,True,False,2025,2026-05-17T15:02:44+07:00
0856611731,Joni Aditya,AR,JTI,P,PNS,S2,Asisten Ahli,False,False,False,2024,2026-05-17T15:02:44+07:00
0436728732,Hendra Nugroho,TK,JTP,P,Non-ASN,S3,Asisten Ahli,False,False,True,2019,2026-05-17T15:02:44+07:00
0977711733,Cahya Damayanti,SK,JSA,L,PPPK,S2,Lektor Kepala,False,True,True,2024,2026-05-17T15:02:44+07:00
0580064734,Kevin Fauzi,TL,JTK,P,PPPK,S3,Lektor,False,False,False,2019,2026-05-17T15:02:44+07:00
0828925735,Muhammad Pratama,FIS,JSA,L,PNS,S3,Asisten Ahli,False,False,True,2024,2026-05-17T15:02:44+07:00
0361278736,Gita Laksono,BIO,JSA,P,Non-ASN,S2,Lektor Kepala,False,False,False,2025,2026-05-17T15:02:44+07:00
0241927737,Joko Handayani,TLK,JTI,P,PNS,S3,Guru Besar,False,True,False,2017,2026-05-17T15:02:44+07:00
0621209738,Yani Damayanti,SK,JSA,L,PNS,S2,Asisten Ahli,False,False,False,2019,2026-05-17T15:02:44+07:00
0500028739,Ulfa Permana,TK,JTP,P,PNS,S3,Guru Besar,False,True,False,2022,2026-05-17T15:02:44+07:00
0861139740,Fandi Maharani,KIM,JSA,L,PNS,S2,Lektor,False,False,False,2019,2026-05-17T15:02:44+07:00
0351616741,Bayu Pratama,TL,JTK,L,PPPK,S3,Tenaga Pengajar,False,False,True,2025,2026-05-17T15:02:44+07:00
0613346742,Dian Kusuma,TS,JTI,L,PNS,S3,Lektor,False,True,False,2024,2026-05-17T15:02:44+07:00
0962844743,Budi Kusuma,FIS,JSA,L,Non-ASN,S2,Lektor Kepala,False,True,False,2015,2026-05-17T15:02:44+07:00
0319399744,Andi Putra,FIS,JSA,L,Non-ASN,S2,Lektor,False,True,False,2017,2026-05-17T15:02:44+07:00
0563610745,Taufik Pratama,TK,JTP,P,Non-ASN,S2,Tenaga Pengajar,False,False,False,2014,2026-05-17T15:02:44+07:00
0368891746,Muhammad Putra,TLK,JTI,L,PNS,S3,Lektor Kepala,False,False,False,2021,2026-05-17T15:02:44+07:00
0622924747,Mira Susanti,SK,JSA,P,PNS,S2,Tenaga Pengajar,False,True,False,2024,2026-05-17T15:02:44+07:00
0546334748,Wati Aditya,TP,JTP,P,Non-ASN,S2,Lektor,True,True,False,2019,2026-05-17T15:02:44+07:00
0658748749,Gita Fitriani,TS,JTI,L,PNS,S2,Asisten Ahli,False,True,False,2019,2026-05-17T15:02:44+07:00
0625460750,Omar Utami,FIS,JSA,L,Non-ASN,S2,Lektor Kepala,False,True,False,2025,2026-05-17T15:02:44+07:00
0909380751,Dewi Handayani,TM,JTP,L,PPPK,S3,Lektor,False,True,False,2018,2026-05-17T15:02:44+07:00
0733463752,Umar Ramadhan,AG,JTP,L,PPPK,S2,Asisten Ahli,False,True,False,2020,2026-05-17T15:02:44+07:00
0938962753,Kartika Ramadhani,TI,JTK,P,Non-ASN,S2,Tenaga Pengajar,False,True,False,2017,2026-05-17T15:02:44+07:00
0194269754,Novi Ramadhani,TLK,JTI,L,Non-ASN,S3,Guru Besar,False,True,False,2019,2026-05-17T15:02:44+07:00
0957772755,Taufik Putra,AR,JTI,P,PNS,S2,Tenaga Pengajar,False,True,False,2024,2026-05-17T15:02:44+07:00
0696604756,Bella Santoso,IF,JTK,L,Non-ASN,S2,Lektor,False,True,False,2022,2026-05-17T15:02:44+07:00
0377272757,Kevin Ramadhani,TS,JTI,P,PPPK,S2,Lektor Kepala,False,False,False,2023,2026-05-17T15:02:44+07:00
0714364758,Indra Fitriani,TL,JTK,L,Non-ASN,S3,Guru Besar,False,True,False,2024,2026-05-17T15:02:44+07:00
0490111759,Lestari Wibowo,SK,JSA,L,PNS,S3,Lektor Kepala,False,True,False,2019,2026-05-17T15:02:44+07:00
0805147760,Ahmad Putra,TLK,JTI,L,PPPK,S3,Guru Besar,False,False,False,2017,2026-05-17T15:02:44+07:00
0913846761,Mira Putra,FT,JSA,P,PPPK,S3,Tenaga Pengajar,False,False,False,2021,2026-05-17T15:02:44+07:00
0413321762,Yusuf Pratama,KIM,JSA,L,PPPK,S3,Lektor Kepala,False,False,False,2024,2026-05-17T15:02:44+07:00
0788922763,Andi Purnama,AG,JTP,P,PNS,S2,Asisten Ahli,False,True,False,2016,2026-05-17T15:02:44+07:00
0300986764,Ulfa Gunawan,AR,JTI,L,Non-ASN,S3,Tenaga Pengajar,False,False,False,2018,2026-05-17T15:02:44+07:00
0509244765,Dian Wibowo,KIM,JSA,L,Non-ASN,S2,Lektor,False,False,True,2020,2026-05-17T15:02:44+07:00
0540010766,Omar Suryadi,AG,JTP,P,PPPK,S3,Lektor Kepala,False,True,False,2014,2026-05-17T15:02:44+07:00
0201464767,Fajar Mahendra,KIM,JSA,P,PPPK,S3,Lektor Kepala,False,False,False,2018,2026-05-17T15:02:44+07:00
0603715768,Bella Putra,TLK,JTI,P,PNS,S2,Lektor Kepala,True,False,True,2021,2026-05-17T15:02:44+07:00
0743268769,Gita Laksono,TL,JTK,L,PPPK,S3,Guru Besar,False,False,False,2021,2026-05-17T15:02:44+07:00
0938210770,Galih Wijaya,AG,JTP,P,PNS,S3,Guru Besar,False,False,False,2023,2026-05-17T15:02:44+07:00
0203799771,Dewi Ramadhan,GL,JTI,P,PNS,S2,Guru Besar,False,True,False,2014,2026-05-17T15:02:44+07:00
0251560772,Dewi Suryadi,PWK,JTI,P,Non-ASN,S2,Lektor Kepala,False,True,False,2016,2026-05-17T15:02:44+07:00
0813584773,Wahyu Purnama,GD,JTI,L,PNS,S2,Lektor Kepala,False,False,True,2023,2026-05-17T15:02:44+07:00
0640105774,Tina Safitri,FT,JSA,P,PNS,S2,Lektor Kepala,False,False,True,2020,2026-05-17T15:02:44+07:00
0658905775,Galih Firmansyah,FT,JSA,P,PNS,S2,Lektor Kepala,False,True,False,2016,2026-05-17T15:02:44+07:00
0864433776,Kiki Mahendra,TM,JTP,L,PPPK,S2,Lektor,False,True,False,2017,2026-05-17T15:02:44+07:00
0463556777,Ulfa Ramadhani,TS,JTI,L,PPPK,S2,Guru Besar,False,False,False,2019,2026-05-17T15:02:44+07:00
0622363778,Taufik Hidayat,SI,JTK,P,PPPK,S3,Tenaga Pengajar,False,True,False,2020,2026-05-17T15:02:44+07:00
0694215779,Andi Utami,TE,JTK,L,Non-ASN,S3,Guru Besar,False,False,False,2019,2026-05-17T15:02:44+07:00
0955474780,Arif Susanti,TI,JTK,P,Non-ASN,S2,Lektor Kepala,False,True,True,2020,2026-05-17T15:02:44+07:00
0405296781,Citra Laksono,PWK,JTI,L,Non-ASN,S2,Lektor Kepala,False,True,False,2025,2026-05-17T15:02:44+07:00
0252309782,Fajar Wijaya,SK,JSA,P,Non-ASN,S2,Tenaga Pengajar,False,False,False,2022,2026-05-17T15:02:44+07:00
0158250783,Umar Purnama,MB,JMB,P,Non-ASN,S3,Guru Besar,False,False,True,2016,2026-05-17T15:02:44+07:00
0247443784,Kartika Nugroho,TM,JTP,P,PNS,S3,Lektor,False,True,False,2018,2026-05-17T15:02:44+07:00
0550568785,Yani Anggraini,PWK,JTI,L,PNS,S3,Asisten Ahli,False,False,True,2017,2026-05-17T15:02:44+07:00
0156372786,Ilham Aditya,TE,JTK,P,PNS,S2,Tenaga Pengajar,False,True,False,2016,2026-05-17T15:02:44+07:00
0996702787,Galih Hidayat,KIM,JSA,P,PPPK,S3,Asisten Ahli,False,True,False,2016,2026-05-17T15:02:44+07:00
0798533788,Gita Susanti,TLK,JTI,P,Non-ASN,S2,Lektor,False,False,False,2019,2026-05-17T15:02:44+07:00
0340741789,Sinta Pratama,FT,JSA,P,PPPK,S2,Tenaga Pengajar,False,False,True,2015,2026-05-17T15:02:44+07:00
0960900790,Ahmad Santoso,FT,JSA,P,PNS,S2,Asisten Ahli,False,True,False,2020,2026-05-17T15:02:44+07:00
0876200791,Galih Anggraini,GL,JTI,L,Non-ASN,S3,Lektor Kepala,False,False,False,2018,2026-05-17T15:02:44+07:00
0674293792,Dian Wulandari,MB,JMB,L,Non-ASN,S3,Tenaga Pengajar,False,False,False,2016,2026-05-17T15:02:44+07:00
0795622793,Taufik Firmansyah,PWK,JTI,P,PNS,S3,Asisten Ahli,False,False,True,2021,2026-05-17T15:02:44+07:00
0528976794,Bayu Ramadhan,GD,JTI,L,PPPK,S3,Lektor Kepala,False,True,False,2025,2026-05-17T15:02:44+07:00
0838270795,Andi Maharani,MTK,JMB,P,Non-ASN,S3,Lektor Kepala,False,True,False,2015,2026-05-17T15:02:44+07:00
0127559796,Bayu Maharani,BIO,JSA,L,PPPK,S2,Lektor,False,False,False,2015,2026-05-17T15:02:44+07:00
0143876797,Sari Saputra,TG,JTI,L,PNS,S3,Lektor,False,True,False,2022,2026-05-17T15:02:44+07:00
0646567798,Zaki Ramadhan,GD,JTI,L,Non-ASN,S2,Guru Besar,False,True,False,2024,2026-05-17T15:02:44+07:00
0497045799,Mira Firmansyah,GD,JTI,L,PNS,S3,Asisten Ahli,False,False,False,2018,2026-05-17T15:02:44+07:00
